{
  "arch": "x86_64",
  "build": "0",
  "build_number": 0,
  "channel": "https://repo.anaconda.com/pkgs/main/osx-64",
  "constrains": [],
  "depends": [],
  "extracted_package_dir": "/anaconda3/pkgs/ca-certificates-2019.8.28-0",
  "features": "",
  "files": [
    "ssl/cacert.pem",
    "ssl/cert.pem"
  ],
  "fn": "ca-certificates-2019.8.28-0.tar.bz2",
  "license": "MPL 2.0",
  "link": {
    "source": "/anaconda3/pkgs/ca-certificates-2019.8.28-0",
    "type": 1
  },
  "md5": "7330e8ef8d69bbb31d7312acb7fba140",
  "name": "ca-certificates",
  "package_tarball_full_path": "/anaconda3/pkgs/ca-certificates-2019.8.28-0.tar.bz2",
  "paths_data": {
    "paths": [
      {
        "_path": "ssl/cacert.pem",
        "path_type": "hardlink",
        "sha256": "38b6230aa4bee062cd34ee0ff6da173250899642b1937fc130896290b6bd91e3",
        "sha256_in_prefix": "38b6230aa4bee062cd34ee0ff6da173250899642b1937fc130896290b6bd91e3",
        "size_in_bytes": 224085
      },
      {
        "_path": "ssl/cert.pem",
        "path_type": "softlink",
        "sha256": "38b6230aa4bee062cd34ee0ff6da173250899642b1937fc130896290b6bd91e3",
        "size_in_bytes": 224085
      }
    ],
    "paths_version": 1
  },
  "platform": "darwin",
  "requested_spec": "None",
  "size": 135783,
  "subdir": "osx-64",
  "timestamp": 1569263840601,
  "track_features": "",
  "url": "https://repo.anaconda.com/pkgs/main/osx-64/ca-certificates-2019.8.28-0.tar.bz2",
  "version": "2019.8.28"
}