{
  "arch": "x86_64",
  "build": "py36_0",
  "build_number": 0,
  "channel": "https://repo.anaconda.com/pkgs/main/osx-64",
  "constrains": [],
  "depends": [
    "python >=3.6,<3.7.0a0"
  ],
  "extracted_package_dir": "/anaconda3/pkgs/certifi-2019.9.11-py36_0",
  "features": "",
  "files": [
    "lib/python3.6/site-packages/certifi-2019.9.11-py3.6.egg-info/PKG-INFO",
    "lib/python3.6/site-packages/certifi-2019.9.11-py3.6.egg-info/SOURCES.txt",
    "lib/python3.6/site-packages/certifi-2019.9.11-py3.6.egg-info/dependency_links.txt",
    "lib/python3.6/site-packages/certifi-2019.9.11-py3.6.egg-info/installed-files.txt",
    "lib/python3.6/site-packages/certifi-2019.9.11-py3.6.egg-info/not-zip-safe",
    "lib/python3.6/site-packages/certifi-2019.9.11-py3.6.egg-info/top_level.txt",
    "lib/python3.6/site-packages/certifi/__init__.py",
    "lib/python3.6/site-packages/certifi/__main__.py",
    "lib/python3.6/site-packages/certifi/__pycache__/__init__.cpython-36.pyc",
    "lib/python3.6/site-packages/certifi/__pycache__/__main__.cpython-36.pyc",
    "lib/python3.6/site-packages/certifi/__pycache__/core.cpython-36.pyc",
    "lib/python3.6/site-packages/certifi/cacert.pem",
    "lib/python3.6/site-packages/certifi/core.py"
  ],
  "fn": "certifi-2019.9.11-py36_0.tar.bz2",
  "license": "ISC",
  "link": {
    "source": "/anaconda3/pkgs/certifi-2019.9.11-py36_0",
    "type": 1
  },
  "md5": "196dfb8ea533763e7606966790896f66",
  "name": "certifi",
  "package_tarball_full_path": "/anaconda3/pkgs/certifi-2019.9.11-py36_0.tar.bz2",
  "paths_data": {
    "paths": [
      {
        "_path": "lib/python3.6/site-packages/certifi-2019.9.11-py3.6.egg-info/PKG-INFO",
        "path_type": "hardlink",
        "sha256": "bb4fa9e7bcf5a693d944054a0b7506555ec64b97481d8c079a9b4969a5ca671f",
        "sha256_in_prefix": "bb4fa9e7bcf5a693d944054a0b7506555ec64b97481d8c079a9b4969a5ca671f",
        "size_in_bytes": 2917
      },
      {
        "_path": "lib/python3.6/site-packages/certifi-2019.9.11-py3.6.egg-info/SOURCES.txt",
        "path_type": "hardlink",
        "sha256": "c114f069d008d26b348202e02bfe15105bad6ff7bf233a1a3f874d4889c584b0",
        "sha256_in_prefix": "c114f069d008d26b348202e02bfe15105bad6ff7bf233a1a3f874d4889c584b0",
        "size_in_bytes": 278
      },
      {
        "_path": "lib/python3.6/site-packages/certifi-2019.9.11-py3.6.egg-info/dependency_links.txt",
        "path_type": "hardlink",
        "sha256": "01ba4719c80b6fe911b091a7c05124b64eeece964e09c058ef8f9805daca546b",
        "sha256_in_prefix": "01ba4719c80b6fe911b091a7c05124b64eeece964e09c058ef8f9805daca546b",
        "size_in_bytes": 1
      },
      {
        "_path": "lib/python3.6/site-packages/certifi-2019.9.11-py3.6.egg-info/installed-files.txt",
        "path_type": "hardlink",
        "sha256": "05c766e936bbdd94c757baeeccbcbbb789b4733099b82a002ff7822068adcf0d",
        "sha256_in_prefix": "05c766e936bbdd94c757baeeccbcbbb789b4733099b82a002ff7822068adcf0d",
        "size_in_bytes": 293
      },
      {
        "_path": "lib/python3.6/site-packages/certifi-2019.9.11-py3.6.egg-info/not-zip-safe",
        "path_type": "hardlink",
        "sha256": "01ba4719c80b6fe911b091a7c05124b64eeece964e09c058ef8f9805daca546b",
        "sha256_in_prefix": "01ba4719c80b6fe911b091a7c05124b64eeece964e09c058ef8f9805daca546b",
        "size_in_bytes": 1
      },
      {
        "_path": "lib/python3.6/site-packages/certifi-2019.9.11-py3.6.egg-info/top_level.txt",
        "path_type": "hardlink",
        "sha256": "28cbb8bd409fb232eb90f6d235d81d7a44bea552730402453bffe723c345ebe5",
        "sha256_in_prefix": "28cbb8bd409fb232eb90f6d235d81d7a44bea552730402453bffe723c345ebe5",
        "size_in_bytes": 8
      },
      {
        "_path": "lib/python3.6/site-packages/certifi/__init__.py",
        "path_type": "hardlink",
        "sha256": "585a1abd71e1a57f8167991bbf28a76536e12eca8f272a4b28866edbd9d4b108",
        "sha256_in_prefix": "585a1abd71e1a57f8167991bbf28a76536e12eca8f272a4b28866edbd9d4b108",
        "size_in_bytes": 52
      },
      {
        "_path": "lib/python3.6/site-packages/certifi/__main__.py",
        "path_type": "hardlink",
        "sha256": "162398b75165b6cb7bc24f4345ae860a806bf2a054c65350bbf30a25fd3813ab",
        "sha256_in_prefix": "162398b75165b6cb7bc24f4345ae860a806bf2a054c65350bbf30a25fd3813ab",
        "size_in_bytes": 41
      },
      {
        "_path": "lib/python3.6/site-packages/certifi/__pycache__/__init__.cpython-36.pyc",
        "path_type": "hardlink",
        "sha256": "1f9c26c4e303d155366d5e9ce3ca852c75dc5aedfd47a63c634e6f2e25a68d34",
        "sha256_in_prefix": "1f9c26c4e303d155366d5e9ce3ca852c75dc5aedfd47a63c634e6f2e25a68d34",
        "size_in_bytes": 195
      },
      {
        "_path": "lib/python3.6/site-packages/certifi/__pycache__/__main__.cpython-36.pyc",
        "path_type": "hardlink",
        "sha256": "c9a6c77ce469f80cf327424500e96d3808c708a75a45f40d89aa25a6b9a4e03c",
        "sha256_in_prefix": "c9a6c77ce469f80cf327424500e96d3808c708a75a45f40d89aa25a6b9a4e03c",
        "size_in_bytes": 186
      },
      {
        "_path": "lib/python3.6/site-packages/certifi/__pycache__/core.cpython-36.pyc",
        "path_type": "hardlink",
        "sha256": "a4efb67c515e3bfebfbc0bb23d941cb3f213c524946e136ffc23045e0b136453",
        "sha256_in_prefix": "a4efb67c515e3bfebfbc0bb23d941cb3f213c524946e136ffc23045e0b136453",
        "size_in_bytes": 407
      },
      {
        "_path": "lib/python3.6/site-packages/certifi/cacert.pem",
        "path_type": "hardlink",
        "sha256": "7150b56f44fe39c43381d711aa5db23314fb3b4f0eea97091e7b8ef676cb2e7d",
        "sha256_in_prefix": "7150b56f44fe39c43381d711aa5db23314fb3b4f0eea97091e7b8ef676cb2e7d",
        "size_in_bytes": 278533
      },
      {
        "_path": "lib/python3.6/site-packages/certifi/core.py",
        "path_type": "hardlink",
        "sha256": "12e15cd81b13a06e4ed7eaacc780528d0d6bd7eed646d1fcedbd567e564e5a12",
        "sha256_in_prefix": "12e15cd81b13a06e4ed7eaacc780528d0d6bd7eed646d1fcedbd567e564e5a12",
        "size_in_bytes": 218
      }
    ],
    "paths_version": 1
  },
  "platform": "darwin",
  "requested_spec": "None",
  "size": 157802,
  "subdir": "osx-64",
  "timestamp": 1569254392652,
  "track_features": "",
  "url": "https://repo.anaconda.com/pkgs/main/osx-64/certifi-2019.9.11-py36_0.tar.bz2",
  "version": "2019.9.11"
}