{
  "arch": "x86_64",
  "build": "hcfea43d_1",
  "build_number": 1,
  "channel": "https://repo.anaconda.com/pkgs/main/osx-64",
  "constrains": [],
  "depends": [
    "libcxxabi 4.0.1 hcfea43d_1"
  ],
  "extracted_package_dir": "/anaconda3/pkgs/libcxx-4.0.1-hcfea43d_1",
  "features": "",
  "files": [
    "include/c++/v1/__bit_reference",
    "include/c++/v1/__bsd_locale_defaults.h",
    "include/c++/v1/__bsd_locale_fallbacks.h",
    "include/c++/v1/__config",
    "include/c++/v1/__cxxabi_config.h",
    "include/c++/v1/__debug",
    "include/c++/v1/__functional_03",
    "include/c++/v1/__functional_base",
    "include/c++/v1/__functional_base_03",
    "include/c++/v1/__hash_table",
    "include/c++/v1/__libcpp_version",
    "include/c++/v1/__locale",
    "include/c++/v1/__mutex_base",
    "include/c++/v1/__nullptr",
    "include/c++/v1/__refstring",
    "include/c++/v1/__split_buffer",
    "include/c++/v1/__sso_allocator",
    "include/c++/v1/__std_stream",
    "include/c++/v1/__string",
    "include/c++/v1/__threading_support",
    "include/c++/v1/__tree",
    "include/c++/v1/__tuple",
    "include/c++/v1/__undef_min_max",
    "include/c++/v1/algorithm",
    "include/c++/v1/any",
    "include/c++/v1/array",
    "include/c++/v1/atomic",
    "include/c++/v1/bitset",
    "include/c++/v1/cassert",
    "include/c++/v1/ccomplex",
    "include/c++/v1/cctype",
    "include/c++/v1/cerrno",
    "include/c++/v1/cfenv",
    "include/c++/v1/cfloat",
    "include/c++/v1/chrono",
    "include/c++/v1/cinttypes",
    "include/c++/v1/ciso646",
    "include/c++/v1/climits",
    "include/c++/v1/clocale",
    "include/c++/v1/cmath",
    "include/c++/v1/codecvt",
    "include/c++/v1/complex",
    "include/c++/v1/complex.h",
    "include/c++/v1/condition_variable",
    "include/c++/v1/csetjmp",
    "include/c++/v1/csignal",
    "include/c++/v1/cstdarg",
    "include/c++/v1/cstdbool",
    "include/c++/v1/cstddef",
    "include/c++/v1/cstdint",
    "include/c++/v1/cstdio",
    "include/c++/v1/cstdlib",
    "include/c++/v1/cstring",
    "include/c++/v1/ctgmath",
    "include/c++/v1/ctime",
    "include/c++/v1/ctype.h",
    "include/c++/v1/cwchar",
    "include/c++/v1/cwctype",
    "include/c++/v1/cxxabi.h",
    "include/c++/v1/deque",
    "include/c++/v1/errno.h",
    "include/c++/v1/exception",
    "include/c++/v1/experimental/__config",
    "include/c++/v1/experimental/__memory",
    "include/c++/v1/experimental/algorithm",
    "include/c++/v1/experimental/any",
    "include/c++/v1/experimental/chrono",
    "include/c++/v1/experimental/deque",
    "include/c++/v1/experimental/dynarray",
    "include/c++/v1/experimental/filesystem",
    "include/c++/v1/experimental/forward_list",
    "include/c++/v1/experimental/functional",
    "include/c++/v1/experimental/iterator",
    "include/c++/v1/experimental/list",
    "include/c++/v1/experimental/map",
    "include/c++/v1/experimental/memory_resource",
    "include/c++/v1/experimental/numeric",
    "include/c++/v1/experimental/optional",
    "include/c++/v1/experimental/propagate_const",
    "include/c++/v1/experimental/ratio",
    "include/c++/v1/experimental/regex",
    "include/c++/v1/experimental/set",
    "include/c++/v1/experimental/string",
    "include/c++/v1/experimental/string_view",
    "include/c++/v1/experimental/system_error",
    "include/c++/v1/experimental/tuple",
    "include/c++/v1/experimental/type_traits",
    "include/c++/v1/experimental/unordered_map",
    "include/c++/v1/experimental/unordered_set",
    "include/c++/v1/experimental/utility",
    "include/c++/v1/experimental/vector",
    "include/c++/v1/ext/__hash",
    "include/c++/v1/ext/hash_map",
    "include/c++/v1/ext/hash_set",
    "include/c++/v1/float.h",
    "include/c++/v1/forward_list",
    "include/c++/v1/fstream",
    "include/c++/v1/functional",
    "include/c++/v1/future",
    "include/c++/v1/initializer_list",
    "include/c++/v1/inttypes.h",
    "include/c++/v1/iomanip",
    "include/c++/v1/ios",
    "include/c++/v1/iosfwd",
    "include/c++/v1/iostream",
    "include/c++/v1/istream",
    "include/c++/v1/iterator",
    "include/c++/v1/limits",
    "include/c++/v1/limits.h",
    "include/c++/v1/list",
    "include/c++/v1/locale",
    "include/c++/v1/locale.h",
    "include/c++/v1/map",
    "include/c++/v1/math.h",
    "include/c++/v1/memory",
    "include/c++/v1/module.modulemap",
    "include/c++/v1/mutex",
    "include/c++/v1/new",
    "include/c++/v1/numeric",
    "include/c++/v1/optional",
    "include/c++/v1/ostream",
    "include/c++/v1/queue",
    "include/c++/v1/random",
    "include/c++/v1/ratio",
    "include/c++/v1/regex",
    "include/c++/v1/scoped_allocator",
    "include/c++/v1/set",
    "include/c++/v1/setjmp.h",
    "include/c++/v1/shared_mutex",
    "include/c++/v1/sstream",
    "include/c++/v1/stack",
    "include/c++/v1/stdbool.h",
    "include/c++/v1/stddef.h",
    "include/c++/v1/stdexcept",
    "include/c++/v1/stdint.h",
    "include/c++/v1/stdio.h",
    "include/c++/v1/stdlib.h",
    "include/c++/v1/streambuf",
    "include/c++/v1/string",
    "include/c++/v1/string.h",
    "include/c++/v1/string_view",
    "include/c++/v1/strstream",
    "include/c++/v1/support/android/locale_bionic.h",
    "include/c++/v1/support/ibm/limits.h",
    "include/c++/v1/support/ibm/locale_mgmt_aix.h",
    "include/c++/v1/support/ibm/support.h",
    "include/c++/v1/support/ibm/xlocale.h",
    "include/c++/v1/support/musl/xlocale.h",
    "include/c++/v1/support/newlib/xlocale.h",
    "include/c++/v1/support/solaris/floatingpoint.h",
    "include/c++/v1/support/solaris/wchar.h",
    "include/c++/v1/support/solaris/xlocale.h",
    "include/c++/v1/support/win32/limits_win32.h",
    "include/c++/v1/support/win32/locale_mgmt_win32.h",
    "include/c++/v1/support/win32/locale_win32.h",
    "include/c++/v1/support/win32/support.h",
    "include/c++/v1/support/xlocale/__nop_locale_mgmt.h",
    "include/c++/v1/support/xlocale/__posix_l_fallback.h",
    "include/c++/v1/support/xlocale/__strtonum_fallback.h",
    "include/c++/v1/support/xlocale/xlocale.h",
    "include/c++/v1/system_error",
    "include/c++/v1/tgmath.h",
    "include/c++/v1/thread",
    "include/c++/v1/tuple",
    "include/c++/v1/type_traits",
    "include/c++/v1/typeindex",
    "include/c++/v1/typeinfo",
    "include/c++/v1/unordered_map",
    "include/c++/v1/unordered_set",
    "include/c++/v1/utility",
    "include/c++/v1/valarray",
    "include/c++/v1/variant",
    "include/c++/v1/vector",
    "include/c++/v1/wchar.h",
    "include/c++/v1/wctype.h",
    "lib/libc++.1.0.dylib",
    "lib/libc++.1.dylib",
    "lib/libc++.a",
    "lib/libc++.dylib",
    "lib/libc++experimental.a"
  ],
  "fn": "libcxx-4.0.1-hcfea43d_1.tar.bz2",
  "license": "MIT license or UIUC License",
  "license_family": "Other",
  "link": {
    "source": "/anaconda3/pkgs/libcxx-4.0.1-hcfea43d_1",
    "type": 1
  },
  "md5": "20dfb0ac1fa34f5ebe5c559043181939",
  "name": "libcxx",
  "package_tarball_full_path": "/anaconda3/pkgs/libcxx-4.0.1-hcfea43d_1.tar.bz2",
  "paths_data": {
    "paths": [
      {
        "_path": "include/c++/v1/__bit_reference",
        "path_type": "hardlink",
        "sha256": "e87bfa91608f8f66dd0e6863554296132e02d7ffa27ac513153d8b4c1897adba",
        "sha256_in_prefix": "e87bfa91608f8f66dd0e6863554296132e02d7ffa27ac513153d8b4c1897adba",
        "size_in_bytes": 52034
      },
      {
        "_path": "include/c++/v1/__bsd_locale_defaults.h",
        "path_type": "hardlink",
        "sha256": "e298f6c4733fbc191ff321f36069c8aa7fc5bdce3f48200ea5f3e5c0a082e16d",
        "sha256_in_prefix": "e298f6c4733fbc191ff321f36069c8aa7fc5bdce3f48200ea5f3e5c0a082e16d",
        "size_in_bytes": 2008
      },
      {
        "_path": "include/c++/v1/__bsd_locale_fallbacks.h",
        "path_type": "hardlink",
        "sha256": "ef3448a2c4669881dea8ff7a0ff6ea1a2b7bab8dcb623c2bb7b77d1d6a1d0364",
        "sha256_in_prefix": "ef3448a2c4669881dea8ff7a0ff6ea1a2b7bab8dcb623c2bb7b77d1d6a1d0364",
        "size_in_bytes": 4247
      },
      {
        "_path": "include/c++/v1/__config",
        "path_type": "hardlink",
        "sha256": "6d4b00290a860661e287c999ff482be71e318152eb691235042a4d92e191f09a",
        "sha256_in_prefix": "6d4b00290a860661e287c999ff482be71e318152eb691235042a4d92e191f09a",
        "size_in_bytes": 30059
      },
      {
        "_path": "include/c++/v1/__cxxabi_config.h",
        "path_type": "hardlink",
        "sha256": "e4ddcd7c8a34ca9b7abbee54d24c6ef0cbe488e3cfdcb088f01199a9918f8ab4",
        "sha256_in_prefix": "e4ddcd7c8a34ca9b7abbee54d24c6ef0cbe488e3cfdcb088f01199a9918f8ab4",
        "size_in_bytes": 1961
      },
      {
        "_path": "include/c++/v1/__debug",
        "path_type": "hardlink",
        "sha256": "3c19881b5395ec697af7925348700219f23d4119682d523a27a278343147ab0c",
        "sha256_in_prefix": "3c19881b5395ec697af7925348700219f23d4119682d523a27a278343147ab0c",
        "size_in_bytes": 8812
      },
      {
        "_path": "include/c++/v1/__functional_03",
        "path_type": "hardlink",
        "sha256": "0a3d5461be5a7b5cb639897308fd8d2b1a933206e7541c12f424443012a209a2",
        "sha256_in_prefix": "0a3d5461be5a7b5cb639897308fd8d2b1a933206e7541c12f424443012a209a2",
        "size_in_bytes": 44075
      },
      {
        "_path": "include/c++/v1/__functional_base",
        "path_type": "hardlink",
        "sha256": "8fa63d30c325262ce0b76ad42e6f18dfa930a9471c50810d563f9a7345b431c7",
        "sha256_in_prefix": "8fa63d30c325262ce0b76ad42e6f18dfa930a9471c50810d563f9a7345b431c7",
        "size_in_bytes": 18322
      },
      {
        "_path": "include/c++/v1/__functional_base_03",
        "path_type": "hardlink",
        "sha256": "71fcf21aa8435f30acf0a0fcd51cd09a9f157a17ec67a77c69d87c6a7e3ffe3e",
        "sha256_in_prefix": "71fcf21aa8435f30acf0a0fcd51cd09a9f157a17ec67a77c69d87c6a7e3ffe3e",
        "size_in_bytes": 6519
      },
      {
        "_path": "include/c++/v1/__hash_table",
        "path_type": "hardlink",
        "sha256": "5853007f868b6a20c7129af3cbb6f275ab62a8dc5d60d3d64405033c3e1306f3",
        "sha256_in_prefix": "5853007f868b6a20c7129af3cbb6f275ab62a8dc5d60d3d64405033c3e1306f3",
        "size_in_bytes": 93656
      },
      {
        "_path": "include/c++/v1/__libcpp_version",
        "path_type": "hardlink",
        "sha256": "b090147020e033534635010c4f7eb6fc270d44e5df67ea9e744a8087df9ca106",
        "sha256_in_prefix": "b090147020e033534635010c4f7eb6fc270d44e5df67ea9e744a8087df9ca106",
        "size_in_bytes": 4
      },
      {
        "_path": "include/c++/v1/__locale",
        "path_type": "hardlink",
        "sha256": "7142d5f62168e99ca8ea173b1ae8892ae8e99e800911c2c3f1c52f9bed7d816c",
        "sha256_in_prefix": "7142d5f62168e99ca8ea173b1ae8892ae8e99e800911c2c3f1c52f9bed7d816c",
        "size_in_bytes": 45639
      },
      {
        "_path": "include/c++/v1/__mutex_base",
        "path_type": "hardlink",
        "sha256": "ab6d81f521e275b821ad44924462b05b1bc6feefc4a6a0db4a68f8eaaea610ee",
        "sha256_in_prefix": "ab6d81f521e275b821ad44924462b05b1bc6feefc4a6a0db4a68f8eaaea610ee",
        "size_in_bytes": 12931
      },
      {
        "_path": "include/c++/v1/__nullptr",
        "path_type": "hardlink",
        "sha256": "534eefba4560f5d3d00784eb009683e57e3bc0378e810ef461ab3d05116a4e82",
        "sha256_in_prefix": "534eefba4560f5d3d00784eb009683e57e3bc0378e810ef461ab3d05116a4e82",
        "size_in_bytes": 1689
      },
      {
        "_path": "include/c++/v1/__refstring",
        "path_type": "hardlink",
        "sha256": "62408cec6e611ce465a0d3d52dc6f4e0138efed017837364c6582c688df92836",
        "sha256_in_prefix": "62408cec6e611ce465a0d3d52dc6f4e0138efed017837364c6582c688df92836",
        "size_in_bytes": 3177
      },
      {
        "_path": "include/c++/v1/__split_buffer",
        "path_type": "hardlink",
        "sha256": "ea6dca2eb90930ac67a2a83a36bfbaf50975d72bfd2eacb033d730c082c3ab69",
        "sha256_in_prefix": "ea6dca2eb90930ac67a2a83a36bfbaf50975d72bfd2eacb033d730c082c3ab69",
        "size_in_bytes": 22242
      },
      {
        "_path": "include/c++/v1/__sso_allocator",
        "path_type": "hardlink",
        "sha256": "03abd9866adeced773d6062d761cb5870154e1c264f8712a1b7b8e4ed37c830f",
        "sha256_in_prefix": "03abd9866adeced773d6062d761cb5870154e1c264f8712a1b7b8e4ed37c830f",
        "size_in_bytes": 2465
      },
      {
        "_path": "include/c++/v1/__std_stream",
        "path_type": "hardlink",
        "sha256": "862dd1ea75e5d08c0953735b3ade6b1d42571c0ffb39696961df4abfcca720c2",
        "sha256_in_prefix": "862dd1ea75e5d08c0953735b3ade6b1d42571c0ffb39696961df4abfcca720c2",
        "size_in_bytes": 10515
      },
      {
        "_path": "include/c++/v1/__string",
        "path_type": "hardlink",
        "sha256": "4c71fd1c70a4f8570cfaad089677301e61032d8f5b66a5aa0c0edb9f46258bc4",
        "sha256_in_prefix": "4c71fd1c70a4f8570cfaad089677301e61032d8f5b66a5aa0c0edb9f46258bc4",
        "size_in_bytes": 27875
      },
      {
        "_path": "include/c++/v1/__threading_support",
        "path_type": "hardlink",
        "sha256": "db743b54d9eeb46db27daaac13b5d7b973e6889db7d931f31d54f2eb2d401ac6",
        "sha256_in_prefix": "db743b54d9eeb46db27daaac13b5d7b973e6889db7d931f31d54f2eb2d401ac6",
        "size_in_bytes": 14792
      },
      {
        "_path": "include/c++/v1/__tree",
        "path_type": "hardlink",
        "sha256": "a3bb7aa9e58a134baae1f39651540aef8d168c5211c3ba71771c0fdf38697831",
        "sha256_in_prefix": "a3bb7aa9e58a134baae1f39651540aef8d168c5211c3ba71771c0fdf38697831",
        "size_in_bytes": 98231
      },
      {
        "_path": "include/c++/v1/__tuple",
        "path_type": "hardlink",
        "sha256": "44231b02e71ed5457a02ea0a12692bdf04f64ec53a82d8f962cfd4bef3bf857b",
        "sha256_in_prefix": "44231b02e71ed5457a02ea0a12692bdf04f64ec53a82d8f962cfd4bef3bf857b",
        "size_in_bytes": 20245
      },
      {
        "_path": "include/c++/v1/__undef_min_max",
        "path_type": "hardlink",
        "sha256": "d7a1c199de74b529e0ffefda83359bec853dff6f3f49c5292ff34d8bed793a85",
        "sha256_in_prefix": "d7a1c199de74b529e0ffefda83359bec853dff6f3f49c5292ff34d8bed793a85",
        "size_in_bytes": 1067
      },
      {
        "_path": "include/c++/v1/algorithm",
        "path_type": "hardlink",
        "sha256": "759585a9c48e0aca5c75322a3780643296abd16b4def49813057bcdc34292f1a",
        "sha256_in_prefix": "759585a9c48e0aca5c75322a3780643296abd16b4def49813057bcdc34292f1a",
        "size_in_bytes": 202836
      },
      {
        "_path": "include/c++/v1/any",
        "path_type": "hardlink",
        "sha256": "f32d25e8a815f827f8002008d8428c143f7a2de62b33af6f66dc71f7ba825699",
        "sha256_in_prefix": "f32d25e8a815f827f8002008d8428c143f7a2de62b33af6f66dc71f7ba825699",
        "size_in_bytes": 18530
      },
      {
        "_path": "include/c++/v1/array",
        "path_type": "hardlink",
        "sha256": "b6811fb76ba3081803e88916c249882431bad46e0d13b84a9ddefee677f2efdb",
        "sha256_in_prefix": "b6811fb76ba3081803e88916c249882431bad46e0d13b84a9ddefee677f2efdb",
        "size_in_bytes": 11959
      },
      {
        "_path": "include/c++/v1/atomic",
        "path_type": "hardlink",
        "sha256": "9d22eeaf48e2daba8272fadfbad86f7cca505c0004be1b9c97b307ef2129fb37",
        "sha256_in_prefix": "9d22eeaf48e2daba8272fadfbad86f7cca505c0004be1b9c97b307ef2129fb37",
        "size_in_bytes": 61339
      },
      {
        "_path": "include/c++/v1/bitset",
        "path_type": "hardlink",
        "sha256": "a10a0d408d0bdf172344ff069236e98c112d846111877bdbfd86b502819f24ed",
        "sha256_in_prefix": "a10a0d408d0bdf172344ff069236e98c112d846111877bdbfd86b502819f24ed",
        "size_in_bytes": 33164
      },
      {
        "_path": "include/c++/v1/cassert",
        "path_type": "hardlink",
        "sha256": "cdc7ff1c26192eafac0ef24d43545a4fa8fe27ffe31ea31e4647a5c0ae389a48",
        "sha256_in_prefix": "cdc7ff1c26192eafac0ef24d43545a4fa8fe27ffe31ea31e4647a5c0ae389a48",
        "size_in_bytes": 546
      },
      {
        "_path": "include/c++/v1/ccomplex",
        "path_type": "hardlink",
        "sha256": "006a3fa1dc1bdc6e9bd8748e712e569258082b2dc32ef55f5d01a56f8c08a8ad",
        "sha256_in_prefix": "006a3fa1dc1bdc6e9bd8748e712e569258082b2dc32ef55f5d01a56f8c08a8ad",
        "size_in_bytes": 627
      },
      {
        "_path": "include/c++/v1/cctype",
        "path_type": "hardlink",
        "sha256": "7310f7d180e52239654ae0bbe35dc400bce60c3296c4011bd395e3d65ba6dbaa",
        "sha256_in_prefix": "7310f7d180e52239654ae0bbe35dc400bce60c3296c4011bd395e3d65ba6dbaa",
        "size_in_bytes": 1745
      },
      {
        "_path": "include/c++/v1/cerrno",
        "path_type": "hardlink",
        "sha256": "6fcde00519a3f01fb764cec242f4eaf633ae7f74339f149e8848dfbb5408fe16",
        "sha256_in_prefix": "6fcde00519a3f01fb764cec242f4eaf633ae7f74339f149e8848dfbb5408fe16",
        "size_in_bytes": 656
      },
      {
        "_path": "include/c++/v1/cfenv",
        "path_type": "hardlink",
        "sha256": "4d741e32697c9cc425c9daa073f5190fe3c524493d08c4b8356e8fbb272b2f24",
        "sha256_in_prefix": "4d741e32697c9cc425c9daa073f5190fe3c524493d08c4b8356e8fbb272b2f24",
        "size_in_bytes": 1588
      },
      {
        "_path": "include/c++/v1/cfloat",
        "path_type": "hardlink",
        "sha256": "f65a4b802be43069a0a666ae18d263504b86dd0b93847d71175903152d6f0171",
        "sha256_in_prefix": "f65a4b802be43069a0a666ae18d263504b86dd0b93847d71175903152d6f0171",
        "size_in_bytes": 1134
      },
      {
        "_path": "include/c++/v1/chrono",
        "path_type": "hardlink",
        "sha256": "ffcf424ebbbe80fe002205403e0789e11bd7efc9b41b5ab0bc5bdda03e60d60b",
        "sha256_in_prefix": "ffcf424ebbbe80fe002205403e0789e11bd7efc9b41b5ab0bc5bdda03e60d60b",
        "size_in_bytes": 41274
      },
      {
        "_path": "include/c++/v1/cinttypes",
        "path_type": "hardlink",
        "sha256": "7a8da0424ac426fb92a61cd56f39d30824b900629b1b4fae13639a478a106d94",
        "sha256_in_prefix": "7a8da0424ac426fb92a61cd56f39d30824b900629b1b4fae13639a478a106d94",
        "size_in_bytes": 3490
      },
      {
        "_path": "include/c++/v1/ciso646",
        "path_type": "hardlink",
        "sha256": "6496691a8ef3df4b711336b593235c7bd8c6f5777f41b3209c835301fdf2df6e",
        "sha256_in_prefix": "6496691a8ef3df4b711336b593235c7bd8c6f5777f41b3209c835301fdf2df6e",
        "size_in_bytes": 582
      },
      {
        "_path": "include/c++/v1/climits",
        "path_type": "hardlink",
        "sha256": "f2784782f22c497533f2f75d955ed8759293eecacf66996e7e35eab73f65045d",
        "sha256_in_prefix": "f2784782f22c497533f2f75d955ed8759293eecacf66996e7e35eab73f65045d",
        "size_in_bytes": 894
      },
      {
        "_path": "include/c++/v1/clocale",
        "path_type": "hardlink",
        "sha256": "c59c790be7f89527aa9b6b64185875f191be0dd318174728f6bae5dba2f6c6ef",
        "sha256_in_prefix": "c59c790be7f89527aa9b6b64185875f191be0dd318174728f6bae5dba2f6c6ef",
        "size_in_bytes": 985
      },
      {
        "_path": "include/c++/v1/cmath",
        "path_type": "hardlink",
        "sha256": "8dd0c56545aaa9f760019829ff134ce5cbd6c78f5d8363d6cee9fa7806c19d04",
        "sha256_in_prefix": "8dd0c56545aaa9f760019829ff134ce5cbd6c78f5d8363d6cee9fa7806c19d04",
        "size_in_bytes": 14546
      },
      {
        "_path": "include/c++/v1/codecvt",
        "path_type": "hardlink",
        "sha256": "47c5ad5709d7dbc859392b498e552be704d49c237d1899fb14fbe5ced1e6ce0e",
        "sha256_in_prefix": "47c5ad5709d7dbc859392b498e552be704d49c237d1899fb14fbe5ced1e6ce0e",
        "size_in_bytes": 20443
      },
      {
        "_path": "include/c++/v1/complex",
        "path_type": "hardlink",
        "sha256": "e2fbb0341fd21bd09edb806fcf6f439bdbc025d3719a8f0dfe68ed9b1e34c6e8",
        "sha256_in_prefix": "e2fbb0341fd21bd09edb806fcf6f439bdbc025d3719a8f0dfe68ed9b1e34c6e8",
        "size_in_bytes": 45290
      },
      {
        "_path": "include/c++/v1/complex.h",
        "path_type": "hardlink",
        "sha256": "64cdfc64f87ec00c14c06bc88fb59379dfd30e53b26dcfea4ec22ba46e38ad70",
        "sha256_in_prefix": "64cdfc64f87ec00c14c06bc88fb59379dfd30e53b26dcfea4ec22ba46e38ad70",
        "size_in_bytes": 726
      },
      {
        "_path": "include/c++/v1/condition_variable",
        "path_type": "hardlink",
        "sha256": "40bbeef418f3cc7301e4a7c53b416f1132adbb2eb4d1b1cbb344e61ca68e9f35",
        "sha256_in_prefix": "40bbeef418f3cc7301e4a7c53b416f1132adbb2eb4d1b1cbb344e61ca68e9f35",
        "size_in_bytes": 7475
      },
      {
        "_path": "include/c++/v1/csetjmp",
        "path_type": "hardlink",
        "sha256": "06d305cb99095f0b9c4fd9bc04384f7ad310c1abef24222daaea634fead03eaf",
        "sha256_in_prefix": "06d305cb99095f0b9c4fd9bc04384f7ad310c1abef24222daaea634fead03eaf",
        "size_in_bytes": 800
      },
      {
        "_path": "include/c++/v1/csignal",
        "path_type": "hardlink",
        "sha256": "ea81d6621ed2fce3b7ad1736f8572a43d9d26c854a68a71c3b3111dc8226268f",
        "sha256_in_prefix": "ea81d6621ed2fce3b7ad1736f8572a43d9d26c854a68a71c3b3111dc8226268f",
        "size_in_bytes": 951
      },
      {
        "_path": "include/c++/v1/cstdarg",
        "path_type": "hardlink",
        "sha256": "c6ddab96f6b07c47b0cd5d67e8691684034c2e3e040af158634e9d1df5a0cc3e",
        "sha256_in_prefix": "c6ddab96f6b07c47b0cd5d67e8691684034c2e3e040af158634e9d1df5a0cc3e",
        "size_in_bytes": 890
      },
      {
        "_path": "include/c++/v1/cstdbool",
        "path_type": "hardlink",
        "sha256": "ea7414aae4e6a95069a1fa214ec3d255b8aeab1daa5e2276a7550fb55039718d",
        "sha256_in_prefix": "ea7414aae4e6a95069a1fa214ec3d255b8aeab1daa5e2276a7550fb55039718d",
        "size_in_bytes": 708
      },
      {
        "_path": "include/c++/v1/cstddef",
        "path_type": "hardlink",
        "sha256": "ba16be4a88d12f620f3db0b7cec0dc55d0ba675b6d41d1ed9f449d8eab538640",
        "sha256_in_prefix": "ba16be4a88d12f620f3db0b7cec0dc55d0ba675b6d41d1ed9f449d8eab538640",
        "size_in_bytes": 1146
      },
      {
        "_path": "include/c++/v1/cstdint",
        "path_type": "hardlink",
        "sha256": "a6accf4072737474ab83c3011f758f201af9250251d76ee8f54569e14cef532c",
        "sha256_in_prefix": "a6accf4072737474ab83c3011f758f201af9250251d76ee8f54569e14cef532c",
        "size_in_bytes": 2785
      },
      {
        "_path": "include/c++/v1/cstdio",
        "path_type": "hardlink",
        "sha256": "64415180dca2a104f7dea19a78d51597174839325d741ab0408a1d6bc87bd607",
        "sha256_in_prefix": "64415180dca2a104f7dea19a78d51597174839325d741ab0408a1d6bc87bd607",
        "size_in_bytes": 4405
      },
      {
        "_path": "include/c++/v1/cstdlib",
        "path_type": "hardlink",
        "sha256": "0a95e9f3788f6861973907ca5667382f5c9e05a25c0525c194418ab4d4ed5659",
        "sha256_in_prefix": "0a95e9f3788f6861973907ca5667382f5c9e05a25c0525c194418ab4d4ed5659",
        "size_in_bytes": 4684
      },
      {
        "_path": "include/c++/v1/cstring",
        "path_type": "hardlink",
        "sha256": "4cc1299ba593e12cac9aae6c0142095e68446afd69cd92d9dc44caf7cf188087",
        "sha256_in_prefix": "4cc1299ba593e12cac9aae6c0142095e68446afd69cd92d9dc44caf7cf188087",
        "size_in_bytes": 2526
      },
      {
        "_path": "include/c++/v1/ctgmath",
        "path_type": "hardlink",
        "sha256": "6b6314c3bb1a7dea2ea470bd7bb9f50188ed1064179086ae7680f97fb841e744",
        "sha256_in_prefix": "6b6314c3bb1a7dea2ea470bd7bb9f50188ed1064179086ae7680f97fb841e744",
        "size_in_bytes": 637
      },
      {
        "_path": "include/c++/v1/ctime",
        "path_type": "hardlink",
        "sha256": "a610fc2a791785dc295d6c1e1d9f680199b2d05053aa56c94285996844768b5d",
        "sha256_in_prefix": "a610fc2a791785dc295d6c1e1d9f680199b2d05053aa56c94285996844768b5d",
        "size_in_bytes": 1413
      },
      {
        "_path": "include/c++/v1/ctype.h",
        "path_type": "hardlink",
        "sha256": "6f54ccc3bd742329654e27d72bf06bda4276afee622473f665b08847f7b8eed2",
        "sha256_in_prefix": "6f54ccc3bd742329654e27d72bf06bda4276afee622473f665b08847f7b8eed2",
        "size_in_bytes": 1420
      },
      {
        "_path": "include/c++/v1/cwchar",
        "path_type": "hardlink",
        "sha256": "2ac5d795dd1b8bd13dfe249c5755dc5f7c1f5551d79c10b47e3e018be59a3db2",
        "sha256_in_prefix": "2ac5d795dd1b8bd13dfe249c5755dc5f7c1f5551d79c10b47e3e018be59a3db2",
        "size_in_bytes": 6272
      },
      {
        "_path": "include/c++/v1/cwctype",
        "path_type": "hardlink",
        "sha256": "ed7a099aea8070605110aa7affe7e64878e1541d4671890ab414ee533ce85cfb",
        "sha256_in_prefix": "ed7a099aea8070605110aa7affe7e64878e1541d4671890ab414ee533ce85cfb",
        "size_in_bytes": 1678
      },
      {
        "_path": "include/c++/v1/cxxabi.h",
        "path_type": "hardlink",
        "sha256": "657514c3a911396e5e21e1348c184c470aea70d24e1b07543bf50bd9c73a5241",
        "sha256_in_prefix": "657514c3a911396e5e21e1348c184c470aea70d24e1b07543bf50bd9c73a5241",
        "size_in_bytes": 6927
      },
      {
        "_path": "include/c++/v1/deque",
        "path_type": "hardlink",
        "sha256": "533f1c6b60cca8f7ca72149b212a9f3880ddeebfd1a2c06c42cd22e9dc1355e4",
        "sha256_in_prefix": "533f1c6b60cca8f7ca72149b212a9f3880ddeebfd1a2c06c42cd22e9dc1355e4",
        "size_in_bytes": 105430
      },
      {
        "_path": "include/c++/v1/errno.h",
        "path_type": "hardlink",
        "sha256": "fdea4e50e27fcc106278ba68e41c7c054b4fba3332c6c51c6321b951ab787f82",
        "sha256_in_prefix": "fdea4e50e27fcc106278ba68e41c7c054b4fba3332c6c51c6321b951ab787f82",
        "size_in_bytes": 5131
      },
      {
        "_path": "include/c++/v1/exception",
        "path_type": "hardlink",
        "sha256": "0f8c12e7e24adaac64ab8ba6d5bff23c17c4a27e5c56733d4aedd4e1d6fa8be6",
        "sha256_in_prefix": "0f8c12e7e24adaac64ab8ba6d5bff23c17c4a27e5c56733d4aedd4e1d6fa8be6",
        "size_in_bytes": 7823
      },
      {
        "_path": "include/c++/v1/experimental/__config",
        "path_type": "hardlink",
        "sha256": "da283f71881b9a55839ea4b79a89f0508b72f83236746bcf17279033b6cc5e86",
        "sha256_in_prefix": "da283f71881b9a55839ea4b79a89f0508b72f83236746bcf17279033b6cc5e86",
        "size_in_bytes": 1897
      },
      {
        "_path": "include/c++/v1/experimental/__memory",
        "path_type": "hardlink",
        "sha256": "c77e8a5c71d3f16aa5a2053fb082cd145cb2f8cfe84d06a74b85516e3cccf66c",
        "sha256_in_prefix": "c77e8a5c71d3f16aa5a2053fb082cd145cb2f8cfe84d06a74b85516e3cccf66c",
        "size_in_bytes": 2731
      },
      {
        "_path": "include/c++/v1/experimental/algorithm",
        "path_type": "hardlink",
        "sha256": "0b0a00ca76d3fcca77639f3a9ded5d1612bfd9e927a4b27a9692000369a0e972",
        "sha256_in_prefix": "0b0a00ca76d3fcca77639f3a9ded5d1612bfd9e927a4b27a9692000369a0e972",
        "size_in_bytes": 2087
      },
      {
        "_path": "include/c++/v1/experimental/any",
        "path_type": "hardlink",
        "sha256": "5121bff1d74f1bafc15166f11b29dc629032375ad928676042433adee36c8c9b",
        "sha256_in_prefix": "5121bff1d74f1bafc15166f11b29dc629032375ad928676042433adee36c8c9b",
        "size_in_bytes": 14877
      },
      {
        "_path": "include/c++/v1/experimental/chrono",
        "path_type": "hardlink",
        "sha256": "d49d2b79b25a4baae0b7e35c9d8d571fa060655e9b6820498e6265e310ccff85",
        "sha256_in_prefix": "d49d2b79b25a4baae0b7e35c9d8d571fa060655e9b6820498e6265e310ccff85",
        "size_in_bytes": 1370
      },
      {
        "_path": "include/c++/v1/experimental/deque",
        "path_type": "hardlink",
        "sha256": "9f85c33c7438b498d9d9b85c044ac99a9d930c63b903dd691387d7bb5600272d",
        "sha256_in_prefix": "9f85c33c7438b498d9d9b85c044ac99a9d930c63b903dd691387d7bb5600272d",
        "size_in_bytes": 1137
      },
      {
        "_path": "include/c++/v1/experimental/dynarray",
        "path_type": "hardlink",
        "sha256": "bb4747eb5e1284cfb35421fad744f2fbaa10dbebabdf83b0190e1b646dff6da0",
        "sha256_in_prefix": "bb4747eb5e1284cfb35421fad744f2fbaa10dbebabdf83b0190e1b646dff6da0",
        "size_in_bytes": 11019
      },
      {
        "_path": "include/c++/v1/experimental/filesystem",
        "path_type": "hardlink",
        "sha256": "de2236e6baaf0df7c664abff95263755c6ce56bedf4759c2c81a78dd77f75234",
        "sha256_in_prefix": "de2236e6baaf0df7c664abff95263755c6ce56bedf4759c2c81a78dd77f75234",
        "size_in_bytes": 66454
      },
      {
        "_path": "include/c++/v1/experimental/forward_list",
        "path_type": "hardlink",
        "sha256": "bdf7a9db24f862dbc3d4702616ad935f3249101c5b4c6efc391b0b83b1f85f2d",
        "sha256_in_prefix": "bdf7a9db24f862dbc3d4702616ad935f3249101c5b4c6efc391b0b83b1f85f2d",
        "size_in_bytes": 1200
      },
      {
        "_path": "include/c++/v1/experimental/functional",
        "path_type": "hardlink",
        "sha256": "5b6847c657ca9e2634789a3164cdb1e98414ffe06b2921e8e8f6e2a7a0dbe301",
        "sha256_in_prefix": "5b6847c657ca9e2634789a3164cdb1e98414ffe06b2921e8e8f6e2a7a0dbe301",
        "size_in_bytes": 17834
      },
      {
        "_path": "include/c++/v1/experimental/iterator",
        "path_type": "hardlink",
        "sha256": "112ec7967bdb4a2f4e2e0a3190d9c291feed537200a1ddba81b484e36ec9fb82",
        "sha256_in_prefix": "112ec7967bdb4a2f4e2e0a3190d9c291feed537200a1ddba81b484e36ec9fb82",
        "size_in_bytes": 3876
      },
      {
        "_path": "include/c++/v1/experimental/list",
        "path_type": "hardlink",
        "sha256": "ef82595ecf8c80d10012803c62f6d4dc29c4a0596f282ee9297bc6fd1fc93905",
        "sha256_in_prefix": "ef82595ecf8c80d10012803c62f6d4dc29c4a0596f282ee9297bc6fd1fc93905",
        "size_in_bytes": 1127
      },
      {
        "_path": "include/c++/v1/experimental/map",
        "path_type": "hardlink",
        "sha256": "edfac56fafaaf24f3f9a7f78843c3f00f7924678e05536f12ad5fac4ee7434dc",
        "sha256_in_prefix": "edfac56fafaaf24f3f9a7f78843c3f00f7924678e05536f12ad5fac4ee7434dc",
        "size_in_bytes": 1692
      },
      {
        "_path": "include/c++/v1/experimental/memory_resource",
        "path_type": "hardlink",
        "sha256": "3743ee24f1cd67d50349427deacf2bfb7773d0e400412550622ab146c605ccc5",
        "sha256_in_prefix": "3743ee24f1cd67d50349427deacf2bfb7773d0e400412550622ab146c605ccc5",
        "size_in_bytes": 13244
      },
      {
        "_path": "include/c++/v1/experimental/numeric",
        "path_type": "hardlink",
        "sha256": "3c17691801818acdeed19fc412fc59e22d91356ed5982b289fe08f5855c644c5",
        "sha256_in_prefix": "3c17691801818acdeed19fc412fc59e22d91356ed5982b289fe08f5855c644c5",
        "size_in_bytes": 2904
      },
      {
        "_path": "include/c++/v1/experimental/optional",
        "path_type": "hardlink",
        "sha256": "f7689806ff6f088a7b919780cd474ff2f636a5400479347aba3667b235bdfdaf",
        "sha256_in_prefix": "f7689806ff6f088a7b919780cd474ff2f636a5400479347aba3667b235bdfdaf",
        "size_in_bytes": 25087
      },
      {
        "_path": "include/c++/v1/experimental/propagate_const",
        "path_type": "hardlink",
        "sha256": "f47d3619d44e46f6d4109d74a905e1816503b12d8f7af68510c67c2aac04cd5a",
        "sha256_in_prefix": "f47d3619d44e46f6d4109d74a905e1816503b12d8f7af68510c67c2aac04cd5a",
        "size_in_bytes": 20594
      },
      {
        "_path": "include/c++/v1/experimental/ratio",
        "path_type": "hardlink",
        "sha256": "afb2c50e61e7c6317c4085de97c8d5e03bb3da96157735d6361c58c5ccca39d4",
        "sha256_in_prefix": "afb2c50e61e7c6317c4085de97c8d5e03bb3da96157735d6361c58c5ccca39d4",
        "size_in_bytes": 2271
      },
      {
        "_path": "include/c++/v1/experimental/regex",
        "path_type": "hardlink",
        "sha256": "c3b841764a31fbeb5fc0a2b4b310bc2fe05952536540b469c480984708abeee4",
        "sha256_in_prefix": "c3b841764a31fbeb5fc0a2b4b310bc2fe05952536540b469c480984708abeee4",
        "size_in_bytes": 1780
      },
      {
        "_path": "include/c++/v1/experimental/set",
        "path_type": "hardlink",
        "sha256": "7a7f103c658772f42b378b88994b97ef1e78ee6f13c48fa6291ff01abb12a042",
        "sha256_in_prefix": "7a7f103c658772f42b378b88994b97ef1e78ee6f13c48fa6291ff01abb12a042",
        "size_in_bytes": 1623
      },
      {
        "_path": "include/c++/v1/experimental/string",
        "path_type": "hardlink",
        "sha256": "066c3187ed5c85edaf6830579567a035a4b593a7c241fd676b54276cdb3c29ff",
        "sha256_in_prefix": "066c3187ed5c85edaf6830579567a035a4b593a7c241fd676b54276cdb3c29ff",
        "size_in_bytes": 1768
      },
      {
        "_path": "include/c++/v1/experimental/string_view",
        "path_type": "hardlink",
        "sha256": "e7da2538a0143b18bc6b5c6b63759456d9f66998dd4f35ec325e147ef32ef31a",
        "sha256_in_prefix": "e7da2538a0143b18bc6b5c6b63759456d9f66998dd4f35ec325e147ef32ef31a",
        "size_in_bytes": 35189
      },
      {
        "_path": "include/c++/v1/experimental/system_error",
        "path_type": "hardlink",
        "sha256": "25568cd628041b2f912bdbabe4b2ffe004cc37a7005c8881d3ca9285ca10ef31",
        "sha256_in_prefix": "25568cd628041b2f912bdbabe4b2ffe004cc37a7005c8881d3ca9285ca10ef31",
        "size_in_bytes": 1553
      },
      {
        "_path": "include/c++/v1/experimental/tuple",
        "path_type": "hardlink",
        "sha256": "858777b58bec6d18db4fc1072d643272e6ab91d255eac681826a3eee22bc6b92",
        "sha256_in_prefix": "858777b58bec6d18db4fc1072d643272e6ab91d255eac681826a3eee22bc6b92",
        "size_in_bytes": 2145
      },
      {
        "_path": "include/c++/v1/experimental/type_traits",
        "path_type": "hardlink",
        "sha256": "be8e45f9f1b4cc3f4778729e34e7a320eca48678dc2ea366cb888bd39d1c37d6",
        "sha256_in_prefix": "be8e45f9f1b4cc3f4778729e34e7a320eca48678dc2ea366cb888bd39d1c37d6",
        "size_in_bytes": 19742
      },
      {
        "_path": "include/c++/v1/experimental/unordered_map",
        "path_type": "hardlink",
        "sha256": "9fcf49cfca4bfb738d0248b105dcf84fdbefa3ecf3902df0f317259de2f6a041",
        "sha256_in_prefix": "9fcf49cfca4bfb738d0248b105dcf84fdbefa3ecf3902df0f317259de2f6a041",
        "size_in_bytes": 2009
      },
      {
        "_path": "include/c++/v1/experimental/unordered_set",
        "path_type": "hardlink",
        "sha256": "4b1539ce2da61ce4f8dc38925cbe8a277c806c7b21c6117e9e77cef2f2c06cc0",
        "sha256_in_prefix": "4b1539ce2da61ce4f8dc38925cbe8a277c806c7b21c6117e9e77cef2f2c06cc0",
        "size_in_bytes": 1812
      },
      {
        "_path": "include/c++/v1/experimental/utility",
        "path_type": "hardlink",
        "sha256": "5a8b1ad075b472273066af9ce4326e56774321a16df1c41330dcefd35b4e8db7",
        "sha256_in_prefix": "5a8b1ad075b472273066af9ce4326e56774321a16df1c41330dcefd35b4e8db7",
        "size_in_bytes": 1020
      },
      {
        "_path": "include/c++/v1/experimental/vector",
        "path_type": "hardlink",
        "sha256": "ea9e414b466f0ab1660f00661288ae83bd75c0b79586f5159332003966ad2acd",
        "sha256_in_prefix": "ea9e414b466f0ab1660f00661288ae83bd75c0b79586f5159332003966ad2acd",
        "size_in_bytes": 1148
      },
      {
        "_path": "include/c++/v1/ext/__hash",
        "path_type": "hardlink",
        "sha256": "b109391fcbcab44752efde6aba2340d013f8ceef7916594fb7407230effc0238",
        "sha256_in_prefix": "b109391fcbcab44752efde6aba2340d013f8ceef7916594fb7407230effc0238",
        "size_in_bytes": 3167
      },
      {
        "_path": "include/c++/v1/ext/hash_map",
        "path_type": "hardlink",
        "sha256": "7c3ddfcbd8c5027efe1fc8b26056a808837fb4ccdfb2c4c23bac8073a497f5cb",
        "sha256_in_prefix": "7c3ddfcbd8c5027efe1fc8b26056a808837fb4ccdfb2c4c23bac8073a497f5cb",
        "size_in_bytes": 38657
      },
      {
        "_path": "include/c++/v1/ext/hash_set",
        "path_type": "hardlink",
        "sha256": "2ad765d1575e5de6354ca3b859ada723070ca926bb2e6024fc370733dbb15969",
        "sha256_in_prefix": "2ad765d1575e5de6354ca3b859ada723070ca926bb2e6024fc370733dbb15969",
        "size_in_bytes": 24863
      },
      {
        "_path": "include/c++/v1/float.h",
        "path_type": "hardlink",
        "sha256": "3097eee8bff49b910cd0772dcf25ca111a7cad1242b183bc91193bdff315c5c0",
        "sha256_in_prefix": "3097eee8bff49b910cd0772dcf25ca111a7cad1242b183bc91193bdff315c5c0",
        "size_in_bytes": 1327
      },
      {
        "_path": "include/c++/v1/forward_list",
        "path_type": "hardlink",
        "sha256": "e879a0e0ba0f5b3312e6037ec70407e6735129bb16ee06b9f1735405c6674a1b",
        "sha256_in_prefix": "e879a0e0ba0f5b3312e6037ec70407e6735129bb16ee06b9f1735405c6674a1b",
        "size_in_bytes": 60364
      },
      {
        "_path": "include/c++/v1/fstream",
        "path_type": "hardlink",
        "sha256": "f8b49b74dec17ad78f76ae6a4f2f756164cda6edd241468a3c3d61c03935d810",
        "sha256_in_prefix": "f8b49b74dec17ad78f76ae6a4f2f756164cda6edd241468a3c3d61c03935d810",
        "size_in_bytes": 44978
      },
      {
        "_path": "include/c++/v1/functional",
        "path_type": "hardlink",
        "sha256": "cd94d3979b6b36f555f0d71f4b3ae783a786f2f8a182ec45e5e655ac169a9c16",
        "sha256_in_prefix": "cd94d3979b6b36f555f0d71f4b3ae783a786f2f8a182ec45e5e655ac169a9c16",
        "size_in_bytes": 79497
      },
      {
        "_path": "include/c++/v1/future",
        "path_type": "hardlink",
        "sha256": "df993e56673e7cfd519f5869a2b7b0272736592744faee813d8922a694ae0c10",
        "sha256_in_prefix": "df993e56673e7cfd519f5869a2b7b0272736592744faee813d8922a694ae0c10",
        "size_in_bytes": 71626
      },
      {
        "_path": "include/c++/v1/initializer_list",
        "path_type": "hardlink",
        "sha256": "9a41a52d45e79d3b9506f3dc4bca4a322a4a94b209fa3eca0416e8b158be6180",
        "sha256_in_prefix": "9a41a52d45e79d3b9506f3dc4bca4a322a4a94b209fa3eca0416e8b158be6180",
        "size_in_bytes": 2845
      },
      {
        "_path": "include/c++/v1/inttypes.h",
        "path_type": "hardlink",
        "sha256": "a276f62c3ff5853a35bbf676fd62fcb078224ada94cd80c90f7f037bb0ac5964",
        "sha256_in_prefix": "a276f62c3ff5853a35bbf676fd62fcb078224ada94cd80c90f7f037bb0ac5964",
        "size_in_bytes": 3597
      },
      {
        "_path": "include/c++/v1/iomanip",
        "path_type": "hardlink",
        "sha256": "2ddedcf1b53fdc45bfc04eac8357fee454b20854ffe527344249545ae6a6cf3d",
        "sha256_in_prefix": "2ddedcf1b53fdc45bfc04eac8357fee454b20854ffe527344249545ae6a6cf3d",
        "size_in_bytes": 18251
      },
      {
        "_path": "include/c++/v1/ios",
        "path_type": "hardlink",
        "sha256": "8af90c314bbc389f49c01159d9cdd2725a1ad7d876b3241c1610db7e77ee72bc",
        "sha256_in_prefix": "8af90c314bbc389f49c01159d9cdd2725a1ad7d876b3241c1610db7e77ee72bc",
        "size_in_bytes": 25429
      },
      {
        "_path": "include/c++/v1/iosfwd",
        "path_type": "hardlink",
        "sha256": "aac5be533632aca27889643b69a9cfbe87b65075517bf0442e6536cceb709bc0",
        "sha256_in_prefix": "aac5be533632aca27889643b69a9cfbe87b65075517bf0442e6536cceb709bc0",
        "size_in_bytes": 7871
      },
      {
        "_path": "include/c++/v1/iostream",
        "path_type": "hardlink",
        "sha256": "a7e5b7af24c47a09eac68187f6735e9c7f037651507a629e12abea932615612c",
        "sha256_in_prefix": "a7e5b7af24c47a09eac68187f6735e9c7f037651507a629e12abea932615612c",
        "size_in_bytes": 1378
      },
      {
        "_path": "include/c++/v1/istream",
        "path_type": "hardlink",
        "sha256": "b2521e09eaf0cbbcc576097b0803957136b132b714809ad80bea6e32f2acc7f0",
        "sha256_in_prefix": "b2521e09eaf0cbbcc576097b0803957136b132b714809ad80bea6e32f2acc7f0",
        "size_in_bytes": 49164
      },
      {
        "_path": "include/c++/v1/iterator",
        "path_type": "hardlink",
        "sha256": "5a705d10c8706c386542368d36a914602ab6d4fa26eeddc0871e1ce4e7ef1714",
        "sha256_in_prefix": "5a705d10c8706c386542368d36a914602ab6d4fa26eeddc0871e1ce4e7ef1714",
        "size_in_bytes": 63330
      },
      {
        "_path": "include/c++/v1/limits",
        "path_type": "hardlink",
        "sha256": "000059497ace10a1c68d34d5421cce0a90fac4529b4051982fbbd8564b80ff1f",
        "sha256_in_prefix": "000059497ace10a1c68d34d5421cce0a90fac4529b4051982fbbd8564b80ff1f",
        "size_in_bytes": 40513
      },
      {
        "_path": "include/c++/v1/limits.h",
        "path_type": "hardlink",
        "sha256": "eb4011f907969eace3644fb72857d41a3397d661fb7610ab69bc4680533cc42c",
        "sha256_in_prefix": "eb4011f907969eace3644fb72857d41a3397d661fb7610ab69bc4680533cc42c",
        "size_in_bytes": 1459
      },
      {
        "_path": "include/c++/v1/list",
        "path_type": "hardlink",
        "sha256": "cf1b2b89f8902840e8b4b2a234c377cb890b2126837d8975ae092a3450b74908",
        "sha256_in_prefix": "cf1b2b89f8902840e8b4b2a234c377cb890b2126837d8975ae092a3450b74908",
        "size_in_bytes": 78415
      },
      {
        "_path": "include/c++/v1/locale",
        "path_type": "hardlink",
        "sha256": "66dc40a6727d7b715d6675dc07da7d13a9e0e1b3a79a6e91f3de5f1529ffd836",
        "sha256_in_prefix": "66dc40a6727d7b715d6675dc07da7d13a9e0e1b3a79a6e91f3de5f1529ffd836",
        "size_in_bytes": 149175
      },
      {
        "_path": "include/c++/v1/locale.h",
        "path_type": "hardlink",
        "sha256": "6f092f40f256f9a5a40af6249c44d8401b9542a2be7ce48a39fc7f162f208eb0",
        "sha256_in_prefix": "6f092f40f256f9a5a40af6249c44d8401b9542a2be7ce48a39fc7f162f208eb0",
        "size_in_bytes": 763
      },
      {
        "_path": "include/c++/v1/map",
        "path_type": "hardlink",
        "sha256": "a511b2ff3699c2bf995aafa6f42d2ca5434a63b156245ef6e4306f125692c6a6",
        "sha256_in_prefix": "a511b2ff3699c2bf995aafa6f42d2ca5434a63b156245ef6e4306f125692c6a6",
        "size_in_bytes": 71263
      },
      {
        "_path": "include/c++/v1/math.h",
        "path_type": "hardlink",
        "sha256": "5a3c115092b66ad63173b3a13aa41da4b027cd285c489d251fa734e1a52d72ae",
        "sha256_in_prefix": "5a3c115092b66ad63173b3a13aa41da4b027cd285c489d251fa734e1a52d72ae",
        "size_in_bytes": 46048
      },
      {
        "_path": "include/c++/v1/memory",
        "path_type": "hardlink",
        "sha256": "f60ec5c5953852104d8fa82f00fd26d1211a76bfd5ba30fac310ce6877d865b1",
        "sha256_in_prefix": "f60ec5c5953852104d8fa82f00fd26d1211a76bfd5ba30fac310ce6877d865b1",
        "size_in_bytes": 180619
      },
      {
        "_path": "include/c++/v1/module.modulemap",
        "path_type": "hardlink",
        "sha256": "91228bed4359eca123eec55c270c5eebfe7ec950925d5767821b4b96c28731a7",
        "sha256_in_prefix": "91228bed4359eca123eec55c270c5eebfe7ec950925d5767821b4b96c28731a7",
        "size_in_bytes": 12019
      },
      {
        "_path": "include/c++/v1/mutex",
        "path_type": "hardlink",
        "sha256": "d74679c5cd671501a573456e94fbe277e4a715e4944fe6c77847db015437a4e2",
        "sha256_in_prefix": "d74679c5cd671501a573456e94fbe277e4a715e4944fe6c77847db015437a4e2",
        "size_in_bytes": 16405
      },
      {
        "_path": "include/c++/v1/new",
        "path_type": "hardlink",
        "sha256": "4196df73dbe5d989b6a98500092de3ef362deca48fe96dbd5eb760b3e0f824d1",
        "sha256_in_prefix": "4196df73dbe5d989b6a98500092de3ef362deca48fe96dbd5eb760b3e0f824d1",
        "size_in_bytes": 9125
      },
      {
        "_path": "include/c++/v1/numeric",
        "path_type": "hardlink",
        "sha256": "d94fae7650bc82d3367edebfe485997782b0104d438e4f70665c2973441d4322",
        "sha256_in_prefix": "d94fae7650bc82d3367edebfe485997782b0104d438e4f70665c2973441d4322",
        "size_in_bytes": 8730
      },
      {
        "_path": "include/c++/v1/optional",
        "path_type": "hardlink",
        "sha256": "0d71775a0a00db9500c6e99791fe2868bc6a60d64e51f465dc4805c214747296",
        "sha256_in_prefix": "0d71775a0a00db9500c6e99791fe2868bc6a60d64e51f465dc4805c214747296",
        "size_in_bytes": 38477
      },
      {
        "_path": "include/c++/v1/ostream",
        "path_type": "hardlink",
        "sha256": "8badcd50e0040835d3f679223cbf47ee89a65c987164d216d4f70481e482ace4",
        "sha256_in_prefix": "8badcd50e0040835d3f679223cbf47ee89a65c987164d216d4f70481e482ace4",
        "size_in_bytes": 32381
      },
      {
        "_path": "include/c++/v1/queue",
        "path_type": "hardlink",
        "sha256": "ad99bb44689edaa80b7b68b548b2b6091388b4f58c4093b21e6857723913280f",
        "sha256_in_prefix": "ad99bb44689edaa80b7b68b548b2b6091388b4f58c4093b21e6857723913280f",
        "size_in_bytes": 25637
      },
      {
        "_path": "include/c++/v1/random",
        "path_type": "hardlink",
        "sha256": "218201e6acfd511b6555e1559441fce11ec899c3941535258a7d55550c3c3478",
        "sha256_in_prefix": "218201e6acfd511b6555e1559441fce11ec899c3941535258a7d55550c3c3478",
        "size_in_bytes": 225756
      },
      {
        "_path": "include/c++/v1/ratio",
        "path_type": "hardlink",
        "sha256": "8e7fdb4c748dd99320819024a1be7ff936ba26dfbe0d722a24153d09685b6b98",
        "sha256_in_prefix": "8e7fdb4c748dd99320819024a1be7ff936ba26dfbe0d722a24153d09685b6b98",
        "size_in_bytes": 16220
      },
      {
        "_path": "include/c++/v1/regex",
        "path_type": "hardlink",
        "sha256": "1c93eede2576e9c77fcbd55f65e6eacf6e2e682c0c72e568c22df2b7b259a158",
        "sha256_in_prefix": "1c93eede2576e9c77fcbd55f65e6eacf6e2e682c0c72e568c22df2b7b259a158",
        "size_in_bytes": 219532
      },
      {
        "_path": "include/c++/v1/scoped_allocator",
        "path_type": "hardlink",
        "sha256": "6946bead50810618e21bb825c4afa738c58765324918306384648db27afe721b",
        "sha256_in_prefix": "6946bead50810618e21bb825c4afa738c58765324918306384648db27afe721b",
        "size_in_bytes": 25569
      },
      {
        "_path": "include/c++/v1/set",
        "path_type": "hardlink",
        "sha256": "2e379852de0ea9335f90c10d7fad7105605574181bc3842724ed12368761d026",
        "sha256_in_prefix": "2e379852de0ea9335f90c10d7fad7105605574181bc3842724ed12368761d026",
        "size_in_bytes": 46124
      },
      {
        "_path": "include/c++/v1/setjmp.h",
        "path_type": "hardlink",
        "sha256": "9b2489eced08135d0266c5fe3bbe2a3b6375db98bb915f150bb4f12a13c637d5",
        "sha256_in_prefix": "9b2489eced08135d0266c5fe3bbe2a3b6375db98bb915f150bb4f12a13c637d5",
        "size_in_bytes": 789
      },
      {
        "_path": "include/c++/v1/shared_mutex",
        "path_type": "hardlink",
        "sha256": "2ea492054c219f6637dc0bf22e8f49b40e27e4339610e9004f9392619a1754f4",
        "sha256_in_prefix": "2ea492054c219f6637dc0bf22e8f49b40e27e4339610e9004f9392619a1754f4",
        "size_in_bytes": 14352
      },
      {
        "_path": "include/c++/v1/sstream",
        "path_type": "hardlink",
        "sha256": "302fd4212a9faec01d320d618cd1f59062b9df6e0935c0da1a518618de3ef118",
        "sha256_in_prefix": "302fd4212a9faec01d320d618cd1f59062b9df6e0935c0da1a518618de3ef118",
        "size_in_bytes": 33311
      },
      {
        "_path": "include/c++/v1/stack",
        "path_type": "hardlink",
        "sha256": "60ddcc6ef379444d7761b449b69c964e43ce918585630a745aa8c0c1b7de766b",
        "sha256_in_prefix": "60ddcc6ef379444d7761b449b69c964e43ce918585630a745aa8c0c1b7de766b",
        "size_in_bytes": 9556
      },
      {
        "_path": "include/c++/v1/stdbool.h",
        "path_type": "hardlink",
        "sha256": "e9a1211ac86a821474c2f7d6867380b1bfc0bb0202a2680be6ea3c51c3213158",
        "sha256_in_prefix": "e9a1211ac86a821474c2f7d6867380b1bfc0bb0202a2680be6ea3c51c3213158",
        "size_in_bytes": 802
      },
      {
        "_path": "include/c++/v1/stddef.h",
        "path_type": "hardlink",
        "sha256": "a0d63524e7b99c5c6a1087effa9c225169fed14d51f0a05a7c3e0b0c5735e6cd",
        "sha256_in_prefix": "a0d63524e7b99c5c6a1087effa9c225169fed14d51f0a05a7c3e0b0c5735e6cd",
        "size_in_bytes": 1256
      },
      {
        "_path": "include/c++/v1/stdexcept",
        "path_type": "hardlink",
        "sha256": "647859ed960be14ce8a448416d76e2807106502c37173198fc0a57438da349dc",
        "sha256_in_prefix": "647859ed960be14ce8a448416d76e2807106502c37173198fc0a57438da349dc",
        "size_in_bytes": 6560
      },
      {
        "_path": "include/c++/v1/stdint.h",
        "path_type": "hardlink",
        "sha256": "ed35ae99230f7245d2576ef376e685a5dc89442ad947cbd775da8cbaf67128c0",
        "sha256_in_prefix": "ed35ae99230f7245d2576ef376e685a5dc89442ad947cbd775da8cbaf67128c0",
        "size_in_bytes": 2038
      },
      {
        "_path": "include/c++/v1/stdio.h",
        "path_type": "hardlink",
        "sha256": "8d6281a46780565422b7a26918fbad33becfeed86cce0e2a63e9055897ca78c9",
        "sha256_in_prefix": "8d6281a46780565422b7a26918fbad33becfeed86cce0e2a63e9055897ca78c9",
        "size_in_bytes": 3608
      },
      {
        "_path": "include/c++/v1/stdlib.h",
        "path_type": "hardlink",
        "sha256": "2c2e34130618910acffa46bc80c280c1624a928acd463262f905a04663c66e15",
        "sha256_in_prefix": "2c2e34130618910acffa46bc80c280c1624a928acd463262f905a04663c66e15",
        "size_in_bytes": 4487
      },
      {
        "_path": "include/c++/v1/streambuf",
        "path_type": "hardlink",
        "sha256": "0fd2b141f9859f3144ccc76ccd69b3cf0106debc3d1ab44a7f72c0253b66b80f",
        "sha256_in_prefix": "0fd2b141f9859f3144ccc76ccd69b3cf0106debc3d1ab44a7f72c0253b66b80f",
        "size_in_bytes": 14228
      },
      {
        "_path": "include/c++/v1/string",
        "path_type": "hardlink",
        "sha256": "a96bf162d9c2fa321356c3bd97df18e99057380ea0a4d9e63affe13c07c7d06f",
        "sha256_in_prefix": "a96bf162d9c2fa321356c3bd97df18e99057380ea0a4d9e63affe13c07c7d06f",
        "size_in_bytes": 151105
      },
      {
        "_path": "include/c++/v1/string.h",
        "path_type": "hardlink",
        "sha256": "7e0c97d37ef4d7826b705d53e0d24f3db35906ef6e58e0d9ccf99c9bce68104c",
        "sha256_in_prefix": "7e0c97d37ef4d7826b705d53e0d24f3db35906ef6e58e0d9ccf99c9bce68104c",
        "size_in_bytes": 4661
      },
      {
        "_path": "include/c++/v1/string_view",
        "path_type": "hardlink",
        "sha256": "d6c2b111b60f49532709f4e501bc438ecfdf6d19fcf74dc98cb1be1668923396",
        "sha256_in_prefix": "d6c2b111b60f49532709f4e501bc438ecfdf6d19fcf74dc98cb1be1668923396",
        "size_in_bytes": 30237
      },
      {
        "_path": "include/c++/v1/strstream",
        "path_type": "hardlink",
        "sha256": "41440b2f43d8631be9f0b4ebb4f02bfabfe89d0c230568f6781363f6aa374a8b",
        "sha256_in_prefix": "41440b2f43d8631be9f0b4ebb4f02bfabfe89d0c230568f6781363f6aa374a8b",
        "size_in_bytes": 11272
      },
      {
        "_path": "include/c++/v1/support/android/locale_bionic.h",
        "path_type": "hardlink",
        "sha256": "c8278ae273be5088ef368a405df75aa334de7f85ec4da6ce36f0ec82d11b2a80",
        "sha256_in_prefix": "c8278ae273be5088ef368a405df75aa334de7f85ec4da6ce36f0ec82d11b2a80",
        "size_in_bytes": 783
      },
      {
        "_path": "include/c++/v1/support/ibm/limits.h",
        "path_type": "hardlink",
        "sha256": "5b95d86a5f9cfe8a8f2cc8f19c023e1b0d720ddd3fa9d0d38b6c18469b913d38",
        "sha256_in_prefix": "5b95d86a5f9cfe8a8f2cc8f19c023e1b0d720ddd3fa9d0d38b6c18469b913d38",
        "size_in_bytes": 3597
      },
      {
        "_path": "include/c++/v1/support/ibm/locale_mgmt_aix.h",
        "path_type": "hardlink",
        "sha256": "aeff8eb166de07ba5b608748fcc8c27e499299d5177d83084e2a206bf97c10d7",
        "sha256_in_prefix": "aeff8eb166de07ba5b608748fcc8c27e499299d5177d83084e2a206bf97c10d7",
        "size_in_bytes": 2441
      },
      {
        "_path": "include/c++/v1/support/ibm/support.h",
        "path_type": "hardlink",
        "sha256": "2ee9fc09d568189118e90f0bbe367dbcb71fc48b72ba23b436356c022a0a70a8",
        "sha256_in_prefix": "2ee9fc09d568189118e90f0bbe367dbcb71fc48b72ba23b436356c022a0a70a8",
        "size_in_bytes": 1680
      },
      {
        "_path": "include/c++/v1/support/ibm/xlocale.h",
        "path_type": "hardlink",
        "sha256": "545e891f36422894b3ec2b7b2ad81c32e6c0e0969941815c3ad85a573f4c4f4e",
        "sha256_in_prefix": "545e891f36422894b3ec2b7b2ad81c32e6c0e0969941815c3ad85a573f4c4f4e",
        "size_in_bytes": 5693
      },
      {
        "_path": "include/c++/v1/support/musl/xlocale.h",
        "path_type": "hardlink",
        "sha256": "c30ce6d70338d82ba5a9262dceddecdf756aa18af71c96439e5688ca5a46546e",
        "sha256_in_prefix": "c30ce6d70338d82ba5a9262dceddecdf756aa18af71c96439e5688ca5a46546e",
        "size_in_bytes": 1861
      },
      {
        "_path": "include/c++/v1/support/newlib/xlocale.h",
        "path_type": "hardlink",
        "sha256": "a2cdd3dd5cb394c1f3da006a2806c641cb309ab34c0a67ea479186f58c126513",
        "sha256_in_prefix": "a2cdd3dd5cb394c1f3da006a2806c641cb309ab34c0a67ea479186f58c126513",
        "size_in_bytes": 725
      },
      {
        "_path": "include/c++/v1/support/solaris/floatingpoint.h",
        "path_type": "hardlink",
        "sha256": "8be97082c87cf823ce8feae2f298739500ba705a56fbcc57bf6430a69c2249b4",
        "sha256_in_prefix": "8be97082c87cf823ce8feae2f298739500ba705a56fbcc57bf6430a69c2249b4",
        "size_in_bytes": 463
      },
      {
        "_path": "include/c++/v1/support/solaris/wchar.h",
        "path_type": "hardlink",
        "sha256": "b28b13581f702df4e4eecfd9c1d2f65efb7714ece3966f98ef83eb4f692dba08",
        "sha256_in_prefix": "b28b13581f702df4e4eecfd9c1d2f65efb7714ece3966f98ef83eb4f692dba08",
        "size_in_bytes": 1217
      },
      {
        "_path": "include/c++/v1/support/solaris/xlocale.h",
        "path_type": "hardlink",
        "sha256": "46b3fd5d3084dccbce55bec4f860427327c8e8e62e98fffef6712abef6923ba8",
        "sha256_in_prefix": "46b3fd5d3084dccbce55bec4f860427327c8e8e62e98fffef6712abef6923ba8",
        "size_in_bytes": 2244
      },
      {
        "_path": "include/c++/v1/support/win32/limits_win32.h",
        "path_type": "hardlink",
        "sha256": "bd521edd171590ef50d39fb8d1d0a81989d5cd1391bdaceef387bcf2a3bebad3",
        "sha256_in_prefix": "bd521edd171590ef50d39fb8d1d0a81989d5cd1391bdaceef387bcf2a3bebad3",
        "size_in_bytes": 2848
      },
      {
        "_path": "include/c++/v1/support/win32/locale_mgmt_win32.h",
        "path_type": "hardlink",
        "sha256": "de9c3f5f858d373128f6dcdc95238ffc935e2a517c27233ce30fbf1f2d9c2e5b",
        "sha256_in_prefix": "de9c3f5f858d373128f6dcdc95238ffc935e2a517c27233ce30fbf1f2d9c2e5b",
        "size_in_bytes": 1253
      },
      {
        "_path": "include/c++/v1/support/win32/locale_win32.h",
        "path_type": "hardlink",
        "sha256": "0e05269239a78d4e61d242407b28937477fd580061a1b21466ab22eb17cec66f",
        "sha256_in_prefix": "0e05269239a78d4e61d242407b28937477fd580061a1b21466ab22eb17cec66f",
        "size_in_bytes": 4036
      },
      {
        "_path": "include/c++/v1/support/win32/support.h",
        "path_type": "hardlink",
        "sha256": "76702135e0fdc504cc0eccdd438e5dccad5bd7b2cec3b2065a76a4fee55c5728",
        "sha256_in_prefix": "76702135e0fdc504cc0eccdd438e5dccad5bd7b2cec3b2065a76a4fee55c5728",
        "size_in_bytes": 6218
      },
      {
        "_path": "include/c++/v1/support/xlocale/__nop_locale_mgmt.h",
        "path_type": "hardlink",
        "sha256": "8a111380161df3d00d1b53c914981937088923f407664f929d4b451769eebd7d",
        "sha256_in_prefix": "8a111380161df3d00d1b53c914981937088923f407664f929d4b451769eebd7d",
        "size_in_bytes": 1414
      },
      {
        "_path": "include/c++/v1/support/xlocale/__posix_l_fallback.h",
        "path_type": "hardlink",
        "sha256": "df90f08900f1b63c8ba9b46bc767ff37fdd2d1040a54f9ddc09f3254ea2d4c92",
        "sha256_in_prefix": "df90f08900f1b63c8ba9b46bc767ff37fdd2d1040a54f9ddc09f3254ea2d4c92",
        "size_in_bytes": 4444
      },
      {
        "_path": "include/c++/v1/support/xlocale/__strtonum_fallback.h",
        "path_type": "hardlink",
        "sha256": "ba4202025803e394b7997c5e99fec6cdfdba3747bcc47a60fe478b368cd1f05f",
        "sha256_in_prefix": "ba4202025803e394b7997c5e99fec6cdfdba3747bcc47a60fe478b368cd1f05f",
        "size_in_bytes": 2297
      },
      {
        "_path": "include/c++/v1/support/xlocale/xlocale.h",
        "path_type": "hardlink",
        "sha256": "e3b0c44298fc1c149afbf4c8996fb92427ae41e4649b934ca495991b7852b855",
        "sha256_in_prefix": "e3b0c44298fc1c149afbf4c8996fb92427ae41e4649b934ca495991b7852b855",
        "size_in_bytes": 0
      },
      {
        "_path": "include/c++/v1/system_error",
        "path_type": "hardlink",
        "sha256": "45319601ef7a953872aee9a8885e0268a5b1497318e5ba5c7f8c01b318d0b6bf",
        "sha256_in_prefix": "45319601ef7a953872aee9a8885e0268a5b1497318e5ba5c7f8c01b318d0b6bf",
        "size_in_bytes": 22546
      },
      {
        "_path": "include/c++/v1/tgmath.h",
        "path_type": "hardlink",
        "sha256": "fc22f7f3f7772fbfea86e9d2ae6c9872faac54563592637443db8b64330703df",
        "sha256_in_prefix": "fc22f7f3f7772fbfea86e9d2ae6c9872faac54563592637443db8b64330703df",
        "size_in_bytes": 645
      },
      {
        "_path": "include/c++/v1/thread",
        "path_type": "hardlink",
        "sha256": "a859b08e7bd2634452e771878804715cccd9bce0172f428683d6894f2c53e9dd",
        "sha256_in_prefix": "a859b08e7bd2634452e771878804715cccd9bce0172f428683d6894f2c53e9dd",
        "size_in_bytes": 12999
      },
      {
        "_path": "include/c++/v1/tuple",
        "path_type": "hardlink",
        "sha256": "997448f0f1ad0646db815a3f0067f8b1ecd9247a622c3625381bfd07d20c4414",
        "sha256_in_prefix": "997448f0f1ad0646db815a3f0067f8b1ecd9247a622c3625381bfd07d20c4414",
        "size_in_bytes": 53160
      },
      {
        "_path": "include/c++/v1/type_traits",
        "path_type": "hardlink",
        "sha256": "08b117bdd44ededd94237398a08ab61c3de6581946d0ffcd069d1c8341c48570",
        "sha256_in_prefix": "08b117bdd44ededd94237398a08ab61c3de6581946d0ffcd069d1c8341c48570",
        "size_in_bytes": 157422
      },
      {
        "_path": "include/c++/v1/typeindex",
        "path_type": "hardlink",
        "sha256": "c004c7107136f21f742d0fdeae53713d7b86a73c51ead1568da0f8245b15c472",
        "sha256_in_prefix": "c004c7107136f21f742d0fdeae53713d7b86a73c51ead1568da0f8245b15c472",
        "size_in_bytes": 2818
      },
      {
        "_path": "include/c++/v1/typeinfo",
        "path_type": "hardlink",
        "sha256": "fc855a6e56f1d0ed5146115420976aa1046e75531197fbcf9b54b74d5e050f12",
        "sha256_in_prefix": "fc855a6e56f1d0ed5146115420976aa1046e75531197fbcf9b54b74d5e050f12",
        "size_in_bytes": 4993
      },
      {
        "_path": "include/c++/v1/unordered_map",
        "path_type": "hardlink",
        "sha256": "15030e028ccc521c3103a61e0e73d8e5ef220b115c6fc190af4df39d00bf7e6a",
        "sha256_in_prefix": "15030e028ccc521c3103a61e0e73d8e5ef220b115c6fc190af4df39d00bf7e6a",
        "size_in_bytes": 81584
      },
      {
        "_path": "include/c++/v1/unordered_set",
        "path_type": "hardlink",
        "sha256": "99c1f7319d6717d4651d07d3ac80e0b1625c2cbc5a2e502ba31620f7610e9d28",
        "sha256_in_prefix": "99c1f7319d6717d4651d07d3ac80e0b1625c2cbc5a2e502ba31620f7610e9d28",
        "size_in_bytes": 55378
      },
      {
        "_path": "include/c++/v1/utility",
        "path_type": "hardlink",
        "sha256": "45b571aee3afc83b00e7b69f7b9c38ef4c937e72b92ff7cf315e2c4954acdd62",
        "sha256_in_prefix": "45b571aee3afc83b00e7b69f7b9c38ef4c937e72b92ff7cf315e2c4954acdd62",
        "size_in_bytes": 28337
      },
      {
        "_path": "include/c++/v1/valarray",
        "path_type": "hardlink",
        "sha256": "2b9fd2578bca726255295856d5b302f1e01836cb115fed1b1935dacf7a49afd5",
        "sha256_in_prefix": "2b9fd2578bca726255295856d5b302f1e01836cb115fed1b1935dacf7a49afd5",
        "size_in_bytes": 134219
      },
      {
        "_path": "include/c++/v1/variant",
        "path_type": "hardlink",
        "sha256": "d30a3cfa2306075dc4886e781653536333a0c3754abd266152438c7a51ab42cf",
        "sha256_in_prefix": "d30a3cfa2306075dc4886e781653536333a0c3754abd266152438c7a51ab42cf",
        "size_in_bytes": 58035
      },
      {
        "_path": "include/c++/v1/vector",
        "path_type": "hardlink",
        "sha256": "a21dc93caea1171f555a70896e131cdfcc6fd297a8999d3be03bdb03453be910",
        "sha256_in_prefix": "a21dc93caea1171f555a70896e131cdfcc6fd297a8999d3be03bdb03453be910",
        "size_in_bytes": 110792
      },
      {
        "_path": "include/c++/v1/wchar.h",
        "path_type": "hardlink",
        "sha256": "fec3e8f01750904c045bb4863dfa2f29b4d977f1b8bb035baf57c33d22adbcef",
        "sha256_in_prefix": "fec3e8f01750904c045bb4863dfa2f29b4d977f1b8bb035baf57c33d22adbcef",
        "size_in_bytes": 8080
      },
      {
        "_path": "include/c++/v1/wctype.h",
        "path_type": "hardlink",
        "sha256": "e42a84375c36c25da3a2be1f1772be600eb528ef96c21caba4286de57ccbe90b",
        "sha256_in_prefix": "e42a84375c36c25da3a2be1f1772be600eb528ef96c21caba4286de57ccbe90b",
        "size_in_bytes": 1541
      },
      {
        "_path": "lib/libc++.1.0.dylib",
        "path_type": "hardlink",
        "sha256": "06834497f8682fb15fb77a84ff9689620c4c593932ff4a98d03708fb37d539af",
        "sha256_in_prefix": "06834497f8682fb15fb77a84ff9689620c4c593932ff4a98d03708fb37d539af",
        "size_in_bytes": 838028
      },
      {
        "_path": "lib/libc++.1.dylib",
        "path_type": "softlink",
        "sha256": "06834497f8682fb15fb77a84ff9689620c4c593932ff4a98d03708fb37d539af",
        "size_in_bytes": 838028
      },
      {
        "_path": "lib/libc++.a",
        "path_type": "hardlink",
        "sha256": "a6bfb0862a9494573002f0e98a59e68f65210679fdaa90cd222acc012d64707e",
        "sha256_in_prefix": "a6bfb0862a9494573002f0e98a59e68f65210679fdaa90cd222acc012d64707e",
        "size_in_bytes": 1290608
      },
      {
        "_path": "lib/libc++.dylib",
        "path_type": "softlink",
        "sha256": "06834497f8682fb15fb77a84ff9689620c4c593932ff4a98d03708fb37d539af",
        "size_in_bytes": 838028
      },
      {
        "_path": "lib/libc++experimental.a",
        "path_type": "hardlink",
        "sha256": "6c09c37146c6785d0ad8b111eb41c0b7fbe0944f3a429d4897276c2be1eb609c",
        "sha256_in_prefix": "6c09c37146c6785d0ad8b111eb41c0b7fbe0944f3a429d4897276c2be1eb609c",
        "size_in_bytes": 121568
      }
    ],
    "paths_version": 1
  },
  "platform": "darwin",
  "requested_spec": "None",
  "size": 1247834,
  "subdir": "osx-64",
  "timestamp": 1540686668277,
  "track_features": "",
  "url": "https://repo.anaconda.com/pkgs/main/osx-64/libcxx-4.0.1-hcfea43d_1.tar.bz2",
  "version": "4.0.1"
}