{
  "arch": "x86_64",
  "build": "py36_0",
  "build_number": 0,
  "channel": "https://repo.anaconda.com/pkgs/main/osx-64",
  "constrains": [],
  "depends": [
    "certifi >=2016.09",
    "python >=3.6,<3.7.0a0"
  ],
  "extracted_package_dir": "/anaconda3/pkgs/setuptools-41.2.0-py36_0",
  "features": "",
  "files": [
    "bin/easy_install",
    "lib/python3.6/site-packages/__pycache__/easy_install.cpython-36.pyc",
    "lib/python3.6/site-packages/easy_install.py",
    "lib/python3.6/site-packages/pkg_resources/__init__.py",
    "lib/python3.6/site-packages/pkg_resources/__pycache__/__init__.cpython-36.pyc",
    "lib/python3.6/site-packages/pkg_resources/__pycache__/py31compat.cpython-36.pyc",
    "lib/python3.6/site-packages/pkg_resources/_vendor/__init__.py",
    "lib/python3.6/site-packages/pkg_resources/_vendor/__pycache__/__init__.cpython-36.pyc",
    "lib/python3.6/site-packages/pkg_resources/_vendor/__pycache__/appdirs.cpython-36.pyc",
    "lib/python3.6/site-packages/pkg_resources/_vendor/__pycache__/pyparsing.cpython-36.pyc",
    "lib/python3.6/site-packages/pkg_resources/_vendor/__pycache__/six.cpython-36.pyc",
    "lib/python3.6/site-packages/pkg_resources/_vendor/appdirs.py",
    "lib/python3.6/site-packages/pkg_resources/_vendor/packaging/__about__.py",
    "lib/python3.6/site-packages/pkg_resources/_vendor/packaging/__init__.py",
    "lib/python3.6/site-packages/pkg_resources/_vendor/packaging/__pycache__/__about__.cpython-36.pyc",
    "lib/python3.6/site-packages/pkg_resources/_vendor/packaging/__pycache__/__init__.cpython-36.pyc",
    "lib/python3.6/site-packages/pkg_resources/_vendor/packaging/__pycache__/_compat.cpython-36.pyc",
    "lib/python3.6/site-packages/pkg_resources/_vendor/packaging/__pycache__/_structures.cpython-36.pyc",
    "lib/python3.6/site-packages/pkg_resources/_vendor/packaging/__pycache__/markers.cpython-36.pyc",
    "lib/python3.6/site-packages/pkg_resources/_vendor/packaging/__pycache__/requirements.cpython-36.pyc",
    "lib/python3.6/site-packages/pkg_resources/_vendor/packaging/__pycache__/specifiers.cpython-36.pyc",
    "lib/python3.6/site-packages/pkg_resources/_vendor/packaging/__pycache__/utils.cpython-36.pyc",
    "lib/python3.6/site-packages/pkg_resources/_vendor/packaging/__pycache__/version.cpython-36.pyc",
    "lib/python3.6/site-packages/pkg_resources/_vendor/packaging/_compat.py",
    "lib/python3.6/site-packages/pkg_resources/_vendor/packaging/_structures.py",
    "lib/python3.6/site-packages/pkg_resources/_vendor/packaging/markers.py",
    "lib/python3.6/site-packages/pkg_resources/_vendor/packaging/requirements.py",
    "lib/python3.6/site-packages/pkg_resources/_vendor/packaging/specifiers.py",
    "lib/python3.6/site-packages/pkg_resources/_vendor/packaging/utils.py",
    "lib/python3.6/site-packages/pkg_resources/_vendor/packaging/version.py",
    "lib/python3.6/site-packages/pkg_resources/_vendor/pyparsing.py",
    "lib/python3.6/site-packages/pkg_resources/_vendor/six.py",
    "lib/python3.6/site-packages/pkg_resources/extern/__init__.py",
    "lib/python3.6/site-packages/pkg_resources/extern/__pycache__/__init__.cpython-36.pyc",
    "lib/python3.6/site-packages/pkg_resources/py31compat.py",
    "lib/python3.6/site-packages/setuptools-41.2.0-py3.6.egg-info/PKG-INFO",
    "lib/python3.6/site-packages/setuptools-41.2.0-py3.6.egg-info/SOURCES.txt",
    "lib/python3.6/site-packages/setuptools-41.2.0-py3.6.egg-info/dependency_links.txt",
    "lib/python3.6/site-packages/setuptools-41.2.0-py3.6.egg-info/entry_points.txt",
    "lib/python3.6/site-packages/setuptools-41.2.0-py3.6.egg-info/requires.txt",
    "lib/python3.6/site-packages/setuptools-41.2.0-py3.6.egg-info/top_level.txt",
    "lib/python3.6/site-packages/setuptools-41.2.0-py3.6.egg-info/zip-safe",
    "lib/python3.6/site-packages/setuptools/__init__.py",
    "lib/python3.6/site-packages/setuptools/__pycache__/__init__.cpython-36.pyc",
    "lib/python3.6/site-packages/setuptools/__pycache__/_deprecation_warning.cpython-36.pyc",
    "lib/python3.6/site-packages/setuptools/__pycache__/archive_util.cpython-36.pyc",
    "lib/python3.6/site-packages/setuptools/__pycache__/build_meta.cpython-36.pyc",
    "lib/python3.6/site-packages/setuptools/__pycache__/config.cpython-36.pyc",
    "lib/python3.6/site-packages/setuptools/__pycache__/dep_util.cpython-36.pyc",
    "lib/python3.6/site-packages/setuptools/__pycache__/depends.cpython-36.pyc",
    "lib/python3.6/site-packages/setuptools/__pycache__/dist.cpython-36.pyc",
    "lib/python3.6/site-packages/setuptools/__pycache__/extension.cpython-36.pyc",
    "lib/python3.6/site-packages/setuptools/__pycache__/glibc.cpython-36.pyc",
    "lib/python3.6/site-packages/setuptools/__pycache__/glob.cpython-36.pyc",
    "lib/python3.6/site-packages/setuptools/__pycache__/launch.cpython-36.pyc",
    "lib/python3.6/site-packages/setuptools/__pycache__/lib2to3_ex.cpython-36.pyc",
    "lib/python3.6/site-packages/setuptools/__pycache__/monkey.cpython-36.pyc",
    "lib/python3.6/site-packages/setuptools/__pycache__/msvc.cpython-36.pyc",
    "lib/python3.6/site-packages/setuptools/__pycache__/namespaces.cpython-36.pyc",
    "lib/python3.6/site-packages/setuptools/__pycache__/package_index.cpython-36.pyc",
    "lib/python3.6/site-packages/setuptools/__pycache__/pep425tags.cpython-36.pyc",
    "lib/python3.6/site-packages/setuptools/__pycache__/py27compat.cpython-36.pyc",
    "lib/python3.6/site-packages/setuptools/__pycache__/py31compat.cpython-36.pyc",
    "lib/python3.6/site-packages/setuptools/__pycache__/py33compat.cpython-36.pyc",
    "lib/python3.6/site-packages/setuptools/__pycache__/sandbox.cpython-36.pyc",
    "lib/python3.6/site-packages/setuptools/__pycache__/site-patch.cpython-36.pyc",
    "lib/python3.6/site-packages/setuptools/__pycache__/ssl_support.cpython-36.pyc",
    "lib/python3.6/site-packages/setuptools/__pycache__/unicode_utils.cpython-36.pyc",
    "lib/python3.6/site-packages/setuptools/__pycache__/version.cpython-36.pyc",
    "lib/python3.6/site-packages/setuptools/__pycache__/wheel.cpython-36.pyc",
    "lib/python3.6/site-packages/setuptools/__pycache__/windows_support.cpython-36.pyc",
    "lib/python3.6/site-packages/setuptools/_deprecation_warning.py",
    "lib/python3.6/site-packages/setuptools/_vendor/__init__.py",
    "lib/python3.6/site-packages/setuptools/_vendor/__pycache__/__init__.cpython-36.pyc",
    "lib/python3.6/site-packages/setuptools/_vendor/__pycache__/pyparsing.cpython-36.pyc",
    "lib/python3.6/site-packages/setuptools/_vendor/__pycache__/six.cpython-36.pyc",
    "lib/python3.6/site-packages/setuptools/_vendor/packaging/__about__.py",
    "lib/python3.6/site-packages/setuptools/_vendor/packaging/__init__.py",
    "lib/python3.6/site-packages/setuptools/_vendor/packaging/__pycache__/__about__.cpython-36.pyc",
    "lib/python3.6/site-packages/setuptools/_vendor/packaging/__pycache__/__init__.cpython-36.pyc",
    "lib/python3.6/site-packages/setuptools/_vendor/packaging/__pycache__/_compat.cpython-36.pyc",
    "lib/python3.6/site-packages/setuptools/_vendor/packaging/__pycache__/_structures.cpython-36.pyc",
    "lib/python3.6/site-packages/setuptools/_vendor/packaging/__pycache__/markers.cpython-36.pyc",
    "lib/python3.6/site-packages/setuptools/_vendor/packaging/__pycache__/requirements.cpython-36.pyc",
    "lib/python3.6/site-packages/setuptools/_vendor/packaging/__pycache__/specifiers.cpython-36.pyc",
    "lib/python3.6/site-packages/setuptools/_vendor/packaging/__pycache__/utils.cpython-36.pyc",
    "lib/python3.6/site-packages/setuptools/_vendor/packaging/__pycache__/version.cpython-36.pyc",
    "lib/python3.6/site-packages/setuptools/_vendor/packaging/_compat.py",
    "lib/python3.6/site-packages/setuptools/_vendor/packaging/_structures.py",
    "lib/python3.6/site-packages/setuptools/_vendor/packaging/markers.py",
    "lib/python3.6/site-packages/setuptools/_vendor/packaging/requirements.py",
    "lib/python3.6/site-packages/setuptools/_vendor/packaging/specifiers.py",
    "lib/python3.6/site-packages/setuptools/_vendor/packaging/utils.py",
    "lib/python3.6/site-packages/setuptools/_vendor/packaging/version.py",
    "lib/python3.6/site-packages/setuptools/_vendor/pyparsing.py",
    "lib/python3.6/site-packages/setuptools/_vendor/six.py",
    "lib/python3.6/site-packages/setuptools/archive_util.py",
    "lib/python3.6/site-packages/setuptools/build_meta.py",
    "lib/python3.6/site-packages/setuptools/cli-32.exe",
    "lib/python3.6/site-packages/setuptools/cli-64.exe",
    "lib/python3.6/site-packages/setuptools/cli.exe",
    "lib/python3.6/site-packages/setuptools/command/__init__.py",
    "lib/python3.6/site-packages/setuptools/command/__pycache__/__init__.cpython-36.pyc",
    "lib/python3.6/site-packages/setuptools/command/__pycache__/alias.cpython-36.pyc",
    "lib/python3.6/site-packages/setuptools/command/__pycache__/bdist_egg.cpython-36.pyc",
    "lib/python3.6/site-packages/setuptools/command/__pycache__/bdist_rpm.cpython-36.pyc",
    "lib/python3.6/site-packages/setuptools/command/__pycache__/bdist_wininst.cpython-36.pyc",
    "lib/python3.6/site-packages/setuptools/command/__pycache__/build_clib.cpython-36.pyc",
    "lib/python3.6/site-packages/setuptools/command/__pycache__/build_ext.cpython-36.pyc",
    "lib/python3.6/site-packages/setuptools/command/__pycache__/build_py.cpython-36.pyc",
    "lib/python3.6/site-packages/setuptools/command/__pycache__/develop.cpython-36.pyc",
    "lib/python3.6/site-packages/setuptools/command/__pycache__/dist_info.cpython-36.pyc",
    "lib/python3.6/site-packages/setuptools/command/__pycache__/easy_install.cpython-36.pyc",
    "lib/python3.6/site-packages/setuptools/command/__pycache__/egg_info.cpython-36.pyc",
    "lib/python3.6/site-packages/setuptools/command/__pycache__/install.cpython-36.pyc",
    "lib/python3.6/site-packages/setuptools/command/__pycache__/install_egg_info.cpython-36.pyc",
    "lib/python3.6/site-packages/setuptools/command/__pycache__/install_lib.cpython-36.pyc",
    "lib/python3.6/site-packages/setuptools/command/__pycache__/install_scripts.cpython-36.pyc",
    "lib/python3.6/site-packages/setuptools/command/__pycache__/py36compat.cpython-36.pyc",
    "lib/python3.6/site-packages/setuptools/command/__pycache__/register.cpython-36.pyc",
    "lib/python3.6/site-packages/setuptools/command/__pycache__/rotate.cpython-36.pyc",
    "lib/python3.6/site-packages/setuptools/command/__pycache__/saveopts.cpython-36.pyc",
    "lib/python3.6/site-packages/setuptools/command/__pycache__/sdist.cpython-36.pyc",
    "lib/python3.6/site-packages/setuptools/command/__pycache__/setopt.cpython-36.pyc",
    "lib/python3.6/site-packages/setuptools/command/__pycache__/test.cpython-36.pyc",
    "lib/python3.6/site-packages/setuptools/command/__pycache__/upload.cpython-36.pyc",
    "lib/python3.6/site-packages/setuptools/command/__pycache__/upload_docs.cpython-36.pyc",
    "lib/python3.6/site-packages/setuptools/command/alias.py",
    "lib/python3.6/site-packages/setuptools/command/bdist_egg.py",
    "lib/python3.6/site-packages/setuptools/command/bdist_rpm.py",
    "lib/python3.6/site-packages/setuptools/command/bdist_wininst.py",
    "lib/python3.6/site-packages/setuptools/command/build_clib.py",
    "lib/python3.6/site-packages/setuptools/command/build_ext.py",
    "lib/python3.6/site-packages/setuptools/command/build_py.py",
    "lib/python3.6/site-packages/setuptools/command/develop.py",
    "lib/python3.6/site-packages/setuptools/command/dist_info.py",
    "lib/python3.6/site-packages/setuptools/command/easy_install.py",
    "lib/python3.6/site-packages/setuptools/command/egg_info.py",
    "lib/python3.6/site-packages/setuptools/command/install.py",
    "lib/python3.6/site-packages/setuptools/command/install_egg_info.py",
    "lib/python3.6/site-packages/setuptools/command/install_lib.py",
    "lib/python3.6/site-packages/setuptools/command/install_scripts.py",
    "lib/python3.6/site-packages/setuptools/command/launcher manifest.xml",
    "lib/python3.6/site-packages/setuptools/command/py36compat.py",
    "lib/python3.6/site-packages/setuptools/command/register.py",
    "lib/python3.6/site-packages/setuptools/command/rotate.py",
    "lib/python3.6/site-packages/setuptools/command/saveopts.py",
    "lib/python3.6/site-packages/setuptools/command/sdist.py",
    "lib/python3.6/site-packages/setuptools/command/setopt.py",
    "lib/python3.6/site-packages/setuptools/command/test.py",
    "lib/python3.6/site-packages/setuptools/command/upload.py",
    "lib/python3.6/site-packages/setuptools/command/upload_docs.py",
    "lib/python3.6/site-packages/setuptools/config.py",
    "lib/python3.6/site-packages/setuptools/dep_util.py",
    "lib/python3.6/site-packages/setuptools/depends.py",
    "lib/python3.6/site-packages/setuptools/dist.py",
    "lib/python3.6/site-packages/setuptools/extension.py",
    "lib/python3.6/site-packages/setuptools/extern/__init__.py",
    "lib/python3.6/site-packages/setuptools/extern/__pycache__/__init__.cpython-36.pyc",
    "lib/python3.6/site-packages/setuptools/glibc.py",
    "lib/python3.6/site-packages/setuptools/glob.py",
    "lib/python3.6/site-packages/setuptools/gui-32.exe",
    "lib/python3.6/site-packages/setuptools/gui-64.exe",
    "lib/python3.6/site-packages/setuptools/gui.exe",
    "lib/python3.6/site-packages/setuptools/launch.py",
    "lib/python3.6/site-packages/setuptools/lib2to3_ex.py",
    "lib/python3.6/site-packages/setuptools/monkey.py",
    "lib/python3.6/site-packages/setuptools/msvc.py",
    "lib/python3.6/site-packages/setuptools/namespaces.py",
    "lib/python3.6/site-packages/setuptools/package_index.py",
    "lib/python3.6/site-packages/setuptools/pep425tags.py",
    "lib/python3.6/site-packages/setuptools/py27compat.py",
    "lib/python3.6/site-packages/setuptools/py31compat.py",
    "lib/python3.6/site-packages/setuptools/py33compat.py",
    "lib/python3.6/site-packages/setuptools/sandbox.py",
    "lib/python3.6/site-packages/setuptools/script (dev).tmpl",
    "lib/python3.6/site-packages/setuptools/script.tmpl",
    "lib/python3.6/site-packages/setuptools/site-patch.py",
    "lib/python3.6/site-packages/setuptools/ssl_support.py",
    "lib/python3.6/site-packages/setuptools/unicode_utils.py",
    "lib/python3.6/site-packages/setuptools/version.py",
    "lib/python3.6/site-packages/setuptools/wheel.py",
    "lib/python3.6/site-packages/setuptools/windows_support.py"
  ],
  "fn": "setuptools-41.2.0-py36_0.tar.bz2",
  "license": "MIT",
  "license_family": "MIT",
  "link": {
    "source": "/anaconda3/pkgs/setuptools-41.2.0-py36_0",
    "type": 1
  },
  "md5": "d24a22397badc9eec8330aab418138ba",
  "name": "setuptools",
  "package_tarball_full_path": "/anaconda3/pkgs/setuptools-41.2.0-py36_0.tar.bz2",
  "paths_data": {
    "paths": [
      {
        "_path": "bin/easy_install",
        "file_mode": "text",
        "path_type": "hardlink",
        "prefix_placeholder": "/opt/anaconda1anaconda2anaconda3",
        "sha256": "7d8cb796688b07706383f874a0981d7b548c0dadd2e8c3a06b550678eb1b6b85",
        "sha256_in_prefix": "a8cb9ab497eca5be71ca29d38d65d5fb3f033c1b281ae447aa520d0a125cb781",
        "size_in_bytes": 261
      },
      {
        "_path": "lib/python3.6/site-packages/__pycache__/easy_install.cpython-36.pyc",
        "path_type": "hardlink",
        "sha256": "c94ba05268e350d2555a0cbf7f2f00891191c85666ccffd34f80e996552edce4",
        "sha256_in_prefix": "c94ba05268e350d2555a0cbf7f2f00891191c85666ccffd34f80e996552edce4",
        "size_in_bytes": 268
      },
      {
        "_path": "lib/python3.6/site-packages/easy_install.py",
        "path_type": "hardlink",
        "sha256": "3030bdbede40c43b175f9a9c2a5073d939d6e93a6ebff0286e77e1089f57dcf3",
        "sha256_in_prefix": "3030bdbede40c43b175f9a9c2a5073d939d6e93a6ebff0286e77e1089f57dcf3",
        "size_in_bytes": 126
      },
      {
        "_path": "lib/python3.6/site-packages/pkg_resources/__init__.py",
        "path_type": "hardlink",
        "sha256": "e8aaba07e25218415283fd8502797a2e6a1ae5bcb64728c3c4f0625ae021f9dc",
        "sha256_in_prefix": "e8aaba07e25218415283fd8502797a2e6a1ae5bcb64728c3c4f0625ae021f9dc",
        "size_in_bytes": 108309
      },
      {
        "_path": "lib/python3.6/site-packages/pkg_resources/__pycache__/__init__.cpython-36.pyc",
        "path_type": "hardlink",
        "sha256": "d0cbc6536b1f02bb86a66e4c8bd0acfc2fb2ee249aca227513ea13928efbdfc1",
        "sha256_in_prefix": "d0cbc6536b1f02bb86a66e4c8bd0acfc2fb2ee249aca227513ea13928efbdfc1",
        "size_in_bytes": 99751
      },
      {
        "_path": "lib/python3.6/site-packages/pkg_resources/__pycache__/py31compat.cpython-36.pyc",
        "path_type": "hardlink",
        "sha256": "4cbae24dd8bb5b740146b4606fc292545d961068b282ac6c0180378f20746a3a",
        "sha256_in_prefix": "4cbae24dd8bb5b740146b4606fc292545d961068b282ac6c0180378f20746a3a",
        "size_in_bytes": 593
      },
      {
        "_path": "lib/python3.6/site-packages/pkg_resources/_vendor/__init__.py",
        "path_type": "hardlink",
        "sha256": "e3b0c44298fc1c149afbf4c8996fb92427ae41e4649b934ca495991b7852b855",
        "sha256_in_prefix": "e3b0c44298fc1c149afbf4c8996fb92427ae41e4649b934ca495991b7852b855",
        "size_in_bytes": 0
      },
      {
        "_path": "lib/python3.6/site-packages/pkg_resources/_vendor/__pycache__/__init__.cpython-36.pyc",
        "path_type": "hardlink",
        "sha256": "f4c3a6a01f939a7ff4d494b12630cdef441b8cfdb8f0d297fa1c7335fb17e59e",
        "sha256_in_prefix": "f4c3a6a01f939a7ff4d494b12630cdef441b8cfdb8f0d297fa1c7335fb17e59e",
        "size_in_bytes": 144
      },
      {
        "_path": "lib/python3.6/site-packages/pkg_resources/_vendor/__pycache__/appdirs.cpython-36.pyc",
        "path_type": "hardlink",
        "sha256": "2823c163f15f48155ac0648243242e9f800ca4c69c5c9916278070e474c8767f",
        "sha256_in_prefix": "2823c163f15f48155ac0648243242e9f800ca4c69c5c9916278070e474c8767f",
        "size_in_bytes": 20682
      },
      {
        "_path": "lib/python3.6/site-packages/pkg_resources/_vendor/__pycache__/pyparsing.cpython-36.pyc",
        "path_type": "hardlink",
        "sha256": "cc2d3f528f1e69de7dfcd96b0268996c99858e52f2e6e7b3a7a44d4d896b0e78",
        "sha256_in_prefix": "cc2d3f528f1e69de7dfcd96b0268996c99858e52f2e6e7b3a7a44d4d896b0e78",
        "size_in_bytes": 203153
      },
      {
        "_path": "lib/python3.6/site-packages/pkg_resources/_vendor/__pycache__/six.cpython-36.pyc",
        "path_type": "hardlink",
        "sha256": "954e3637cf274a542fb0541ed0bee21e414a83b934bc7ed112ca852bb405cadf",
        "sha256_in_prefix": "954e3637cf274a542fb0541ed0bee21e414a83b934bc7ed112ca852bb405cadf",
        "size_in_bytes": 24441
      },
      {
        "_path": "lib/python3.6/site-packages/pkg_resources/_vendor/appdirs.py",
        "path_type": "hardlink",
        "sha256": "3227af504bafde5fe6408487e52174b210e4fc13611c7cd88803eb4f72133782",
        "sha256_in_prefix": "3227af504bafde5fe6408487e52174b210e4fc13611c7cd88803eb4f72133782",
        "size_in_bytes": 24701
      },
      {
        "_path": "lib/python3.6/site-packages/pkg_resources/_vendor/packaging/__about__.py",
        "path_type": "hardlink",
        "sha256": "ce47023d337fe9370b5b436b960d35efaf91d5043f5953d39bcb33d51e3e1e33",
        "sha256_in_prefix": "ce47023d337fe9370b5b436b960d35efaf91d5043f5953d39bcb33d51e3e1e33",
        "size_in_bytes": 720
      },
      {
        "_path": "lib/python3.6/site-packages/pkg_resources/_vendor/packaging/__init__.py",
        "path_type": "hardlink",
        "sha256": "fef35a7394ebcf0b2bcdb38521b17ee5c1ea73f63668f4f60fbceb211d3a04ea",
        "sha256_in_prefix": "fef35a7394ebcf0b2bcdb38521b17ee5c1ea73f63668f4f60fbceb211d3a04ea",
        "size_in_bytes": 513
      },
      {
        "_path": "lib/python3.6/site-packages/pkg_resources/_vendor/packaging/__pycache__/__about__.cpython-36.pyc",
        "path_type": "hardlink",
        "sha256": "12765a7a452ec853e9fcfd1f069224fefba10fd60332c38a8cec63d415a1b2db",
        "sha256_in_prefix": "12765a7a452ec853e9fcfd1f069224fefba10fd60332c38a8cec63d415a1b2db",
        "size_in_bytes": 680
      },
      {
        "_path": "lib/python3.6/site-packages/pkg_resources/_vendor/packaging/__pycache__/__init__.cpython-36.pyc",
        "path_type": "hardlink",
        "sha256": "0d3e2edaef128a1c2ed8bb4e975bba8ed57231197cef8fe3b1194fcf038d429b",
        "sha256_in_prefix": "0d3e2edaef128a1c2ed8bb4e975bba8ed57231197cef8fe3b1194fcf038d429b",
        "size_in_bytes": 518
      },
      {
        "_path": "lib/python3.6/site-packages/pkg_resources/_vendor/packaging/__pycache__/_compat.cpython-36.pyc",
        "path_type": "hardlink",
        "sha256": "87b7e42f893bbd03e030dd226bdafd6384baa1f3def8a4396eeda1733729d58a",
        "sha256_in_prefix": "87b7e42f893bbd03e030dd226bdafd6384baa1f3def8a4396eeda1733729d58a",
        "size_in_bytes": 965
      },
      {
        "_path": "lib/python3.6/site-packages/pkg_resources/_vendor/packaging/__pycache__/_structures.cpython-36.pyc",
        "path_type": "hardlink",
        "sha256": "228690e318cfd658f7f1a8e9dc2e69c394b505ecbee0561208ea15108240b709",
        "sha256_in_prefix": "228690e318cfd658f7f1a8e9dc2e69c394b505ecbee0561208ea15108240b709",
        "size_in_bytes": 2822
      },
      {
        "_path": "lib/python3.6/site-packages/pkg_resources/_vendor/packaging/__pycache__/markers.cpython-36.pyc",
        "path_type": "hardlink",
        "sha256": "9bdc1d5d94c6d2a695ac90f2c31db75bf2dcdac544a66bcf232a1992f9d84df6",
        "sha256_in_prefix": "9bdc1d5d94c6d2a695ac90f2c31db75bf2dcdac544a66bcf232a1992f9d84df6",
        "size_in_bytes": 8845
      },
      {
        "_path": "lib/python3.6/site-packages/pkg_resources/_vendor/packaging/__pycache__/requirements.cpython-36.pyc",
        "path_type": "hardlink",
        "sha256": "08373353a65e5b71872099ea055d1c52743052cbde7e345e328283c98faec140",
        "sha256_in_prefix": "08373353a65e5b71872099ea055d1c52743052cbde7e345e328283c98faec140",
        "size_in_bytes": 3841
      },
      {
        "_path": "lib/python3.6/site-packages/pkg_resources/_vendor/packaging/__pycache__/specifiers.cpython-36.pyc",
        "path_type": "hardlink",
        "sha256": "ca9fc8ab0fe4e5e550d57446a6731d2ba820c8417432f2797834fdffeb09bbe7",
        "sha256_in_prefix": "ca9fc8ab0fe4e5e550d57446a6731d2ba820c8417432f2797834fdffeb09bbe7",
        "size_in_bytes": 19784
      },
      {
        "_path": "lib/python3.6/site-packages/pkg_resources/_vendor/packaging/__pycache__/utils.cpython-36.pyc",
        "path_type": "hardlink",
        "sha256": "85108a0706bc2b7860318af9fa0a5128ab6901bc55e17891b76278fd65f0c0a7",
        "sha256_in_prefix": "85108a0706bc2b7860318af9fa0a5128ab6901bc55e17891b76278fd65f0c0a7",
        "size_in_bytes": 449
      },
      {
        "_path": "lib/python3.6/site-packages/pkg_resources/_vendor/packaging/__pycache__/version.cpython-36.pyc",
        "path_type": "hardlink",
        "sha256": "14dc82fd7a45aa3502415dd0ff96461056377ee4d40d34a853c5e1fa8219b244",
        "sha256_in_prefix": "14dc82fd7a45aa3502415dd0ff96461056377ee4d40d34a853c5e1fa8219b244",
        "size_in_bytes": 10559
      },
      {
        "_path": "lib/python3.6/site-packages/pkg_resources/_vendor/packaging/_compat.py",
        "path_type": "hardlink",
        "sha256": "562fc0d2b0107876d4f9af57d2db75c909bd46a92041b0d2c73470f16954f640",
        "sha256_in_prefix": "562fc0d2b0107876d4f9af57d2db75c909bd46a92041b0d2c73470f16954f640",
        "size_in_bytes": 860
      },
      {
        "_path": "lib/python3.6/site-packages/pkg_resources/_vendor/packaging/_structures.py",
        "path_type": "hardlink",
        "sha256": "448984089e1cff04e5693618c1960b1c489e6c331a00998ad683c0461c354f9a",
        "sha256_in_prefix": "448984089e1cff04e5693618c1960b1c489e6c331a00998ad683c0461c354f9a",
        "size_in_bytes": 1416
      },
      {
        "_path": "lib/python3.6/site-packages/pkg_resources/_vendor/packaging/markers.py",
        "path_type": "hardlink",
        "sha256": "b8470106d1afcea96d82702ba9bf5ce11adc2275decc32e8b35e336c11e1589a",
        "sha256_in_prefix": "b8470106d1afcea96d82702ba9bf5ce11adc2275decc32e8b35e336c11e1589a",
        "size_in_bytes": 8248
      },
      {
        "_path": "lib/python3.6/site-packages/pkg_resources/_vendor/packaging/requirements.py",
        "path_type": "hardlink",
        "sha256": "4a290bd94ca76ec4f4aad63d96daa78277616bfb1fa34c3a5c6161021a12a1a4",
        "sha256_in_prefix": "4a290bd94ca76ec4f4aad63d96daa78277616bfb1fa34c3a5c6161021a12a1a4",
        "size_in_bytes": 4355
      },
      {
        "_path": "lib/python3.6/site-packages/pkg_resources/_vendor/packaging/specifiers.py",
        "path_type": "hardlink",
        "sha256": "4803117abcceddf2b622415909a664bb065a2ff106a8734ecf8a678b8be19cdd",
        "sha256_in_prefix": "4803117abcceddf2b622415909a664bb065a2ff106a8734ecf8a678b8be19cdd",
        "size_in_bytes": 28025
      },
      {
        "_path": "lib/python3.6/site-packages/pkg_resources/_vendor/packaging/utils.py",
        "path_type": "hardlink",
        "sha256": "de6e96bcf9ba34dc44f2b9131a69f4afbe41fc66521a0ee291a7f11ec04dd560",
        "sha256_in_prefix": "de6e96bcf9ba34dc44f2b9131a69f4afbe41fc66521a0ee291a7f11ec04dd560",
        "size_in_bytes": 421
      },
      {
        "_path": "lib/python3.6/site-packages/pkg_resources/_vendor/packaging/version.py",
        "path_type": "hardlink",
        "sha256": "3b01a7c587ebda084dcd8c79f6a588064acadd29c1ea7f997ddd5768ba679ccd",
        "sha256_in_prefix": "3b01a7c587ebda084dcd8c79f6a588064acadd29c1ea7f997ddd5768ba679ccd",
        "size_in_bytes": 11556
      },
      {
        "_path": "lib/python3.6/site-packages/pkg_resources/_vendor/pyparsing.py",
        "path_type": "hardlink",
        "sha256": "b66ae9fa5bbea8ed62ef967320de40d769ca4510f50a6e15a64fb92d1f6b8a6b",
        "sha256_in_prefix": "b66ae9fa5bbea8ed62ef967320de40d769ca4510f50a6e15a64fb92d1f6b8a6b",
        "size_in_bytes": 232055
      },
      {
        "_path": "lib/python3.6/site-packages/pkg_resources/_vendor/six.py",
        "path_type": "hardlink",
        "sha256": "03a85d259563237b7f81e79b67d07352fc11ac85e8d257f0cd094cd8b70ac9ab",
        "sha256_in_prefix": "03a85d259563237b7f81e79b67d07352fc11ac85e8d257f0cd094cd8b70ac9ab",
        "size_in_bytes": 30098
      },
      {
        "_path": "lib/python3.6/site-packages/pkg_resources/extern/__init__.py",
        "path_type": "hardlink",
        "sha256": "7078847c7b8b9a6eabb3955eff3b417cc23b2ebdf5becb3e0f8c24a85e71ce52",
        "sha256_in_prefix": "7078847c7b8b9a6eabb3955eff3b417cc23b2ebdf5becb3e0f8c24a85e71ce52",
        "size_in_bytes": 2498
      },
      {
        "_path": "lib/python3.6/site-packages/pkg_resources/extern/__pycache__/__init__.cpython-36.pyc",
        "path_type": "hardlink",
        "sha256": "d5c5d04673fe3233c3b35adcb04532ced8aee0c7dee49424d70243540b1284f7",
        "sha256_in_prefix": "d5c5d04673fe3233c3b35adcb04532ced8aee0c7dee49424d70243540b1284f7",
        "size_in_bytes": 2379
      },
      {
        "_path": "lib/python3.6/site-packages/pkg_resources/py31compat.py",
        "path_type": "hardlink",
        "sha256": "f964347b8737446fda71d8700b780b89784ffe58381b9abb5d89199108348315",
        "sha256_in_prefix": "f964347b8737446fda71d8700b780b89784ffe58381b9abb5d89199108348315",
        "size_in_bytes": 558
      },
      {
        "_path": "lib/python3.6/site-packages/setuptools-41.2.0-py3.6.egg-info/PKG-INFO",
        "path_type": "hardlink",
        "sha256": "662fe7b35f499321b3da5872f3e6998b3967cccf1d603ddc3bc7cf4bbe67274e",
        "sha256_in_prefix": "662fe7b35f499321b3da5872f3e6998b3967cccf1d603ddc3bc7cf4bbe67274e",
        "size_in_bytes": 3513
      },
      {
        "_path": "lib/python3.6/site-packages/setuptools-41.2.0-py3.6.egg-info/SOURCES.txt",
        "path_type": "hardlink",
        "sha256": "1a2e0d8383bc6fe720f62747c94ec6521113578dfb5704345abaa2c3dae12de7",
        "sha256_in_prefix": "1a2e0d8383bc6fe720f62747c94ec6521113578dfb5704345abaa2c3dae12de7",
        "size_in_bytes": 5700
      },
      {
        "_path": "lib/python3.6/site-packages/setuptools-41.2.0-py3.6.egg-info/dependency_links.txt",
        "path_type": "hardlink",
        "sha256": "01ba4719c80b6fe911b091a7c05124b64eeece964e09c058ef8f9805daca546b",
        "sha256_in_prefix": "01ba4719c80b6fe911b091a7c05124b64eeece964e09c058ef8f9805daca546b",
        "size_in_bytes": 1
      },
      {
        "_path": "lib/python3.6/site-packages/setuptools-41.2.0-py3.6.egg-info/entry_points.txt",
        "path_type": "hardlink",
        "sha256": "b3889b4ebe7fbfffae5ae79e9a0addccb5082ff6a078e32ab200802990e46361",
        "sha256_in_prefix": "b3889b4ebe7fbfffae5ae79e9a0addccb5082ff6a078e32ab200802990e46361",
        "size_in_bytes": 2934
      },
      {
        "_path": "lib/python3.6/site-packages/setuptools-41.2.0-py3.6.egg-info/requires.txt",
        "path_type": "hardlink",
        "sha256": "966c39e31bbfc38f62bb895f5fa3b9b77856f980a175c31c8d6ae24da59a437d",
        "sha256_in_prefix": "966c39e31bbfc38f62bb895f5fa3b9b77856f980a175c31c8d6ae24da59a437d",
        "size_in_bytes": 84
      },
      {
        "_path": "lib/python3.6/site-packages/setuptools-41.2.0-py3.6.egg-info/top_level.txt",
        "path_type": "hardlink",
        "sha256": "d87517555c00e0f7dfd7181316bdc6b135d729a3da3babe51baa0d27fe2ee138",
        "sha256_in_prefix": "d87517555c00e0f7dfd7181316bdc6b135d729a3da3babe51baa0d27fe2ee138",
        "size_in_bytes": 38
      },
      {
        "_path": "lib/python3.6/site-packages/setuptools-41.2.0-py3.6.egg-info/zip-safe",
        "path_type": "hardlink",
        "sha256": "01ba4719c80b6fe911b091a7c05124b64eeece964e09c058ef8f9805daca546b",
        "sha256_in_prefix": "01ba4719c80b6fe911b091a7c05124b64eeece964e09c058ef8f9805daca546b",
        "size_in_bytes": 1
      },
      {
        "_path": "lib/python3.6/site-packages/setuptools/__init__.py",
        "path_type": "hardlink",
        "sha256": "581a42727da5bdd724a2d69b79a7b54d36289cf39c802205deb683db3456cc17",
        "sha256_in_prefix": "581a42727da5bdd724a2d69b79a7b54d36289cf39c802205deb683db3456cc17",
        "size_in_bytes": 7283
      },
      {
        "_path": "lib/python3.6/site-packages/setuptools/__pycache__/__init__.cpython-36.pyc",
        "path_type": "hardlink",
        "sha256": "7b5942189f3bbea2d896379828af33aa6604808311a7bffee85028762869ce77",
        "sha256_in_prefix": "7b5942189f3bbea2d896379828af33aa6604808311a7bffee85028762869ce77",
        "size_in_bytes": 7648
      },
      {
        "_path": "lib/python3.6/site-packages/setuptools/__pycache__/_deprecation_warning.cpython-36.pyc",
        "path_type": "hardlink",
        "sha256": "e079a6ee2bcf1ae02565c4604a9071bc3b107db4decf9ed8f8e43d559cbd476f",
        "sha256_in_prefix": "e079a6ee2bcf1ae02565c4604a9071bc3b107db4decf9ed8f8e43d559cbd476f",
        "size_in_bytes": 499
      },
      {
        "_path": "lib/python3.6/site-packages/setuptools/__pycache__/archive_util.cpython-36.pyc",
        "path_type": "hardlink",
        "sha256": "d27643c56807bc60f30bfcf1deb7a4cb0fbdddf086f3c31cf76657b225be8189",
        "sha256_in_prefix": "d27643c56807bc60f30bfcf1deb7a4cb0fbdddf086f3c31cf76657b225be8189",
        "size_in_bytes": 5087
      },
      {
        "_path": "lib/python3.6/site-packages/setuptools/__pycache__/build_meta.cpython-36.pyc",
        "path_type": "hardlink",
        "sha256": "7090a8fac535b335be4a6a2f43b37f91b4c245f38de15ee0ba868b1cb58d1664",
        "sha256_in_prefix": "7090a8fac535b335be4a6a2f43b37f91b4c245f38de15ee0ba868b1cb58d1664",
        "size_in_bytes": 8420
      },
      {
        "_path": "lib/python3.6/site-packages/setuptools/__pycache__/config.cpython-36.pyc",
        "path_type": "hardlink",
        "sha256": "3475235df5b238efa270024f28d7383dd1498b2265a27e5f5519a420671eb983",
        "sha256_in_prefix": "3475235df5b238efa270024f28d7383dd1498b2265a27e5f5519a420671eb983",
        "size_in_bytes": 17663
      },
      {
        "_path": "lib/python3.6/site-packages/setuptools/__pycache__/dep_util.cpython-36.pyc",
        "path_type": "hardlink",
        "sha256": "521c11bcb780cebe0e22056a463cb2baa31aa3ef64d09725a0ef9f0f840837a9",
        "sha256_in_prefix": "521c11bcb780cebe0e22056a463cb2baa31aa3ef64d09725a0ef9f0f840837a9",
        "size_in_bytes": 806
      },
      {
        "_path": "lib/python3.6/site-packages/setuptools/__pycache__/depends.cpython-36.pyc",
        "path_type": "hardlink",
        "sha256": "642270e85627c5b8a9f319026691e84faa927dcd5039d5984e43f46142ad9e06",
        "sha256_in_prefix": "642270e85627c5b8a9f319026691e84faa927dcd5039d5984e43f46142ad9e06",
        "size_in_bytes": 5232
      },
      {
        "_path": "lib/python3.6/site-packages/setuptools/__pycache__/dist.cpython-36.pyc",
        "path_type": "hardlink",
        "sha256": "4d63e418fbbd10b07b0be9469ddd49c2499a8b37fffe746d1b8b99537c0ada0a",
        "sha256_in_prefix": "4d63e418fbbd10b07b0be9469ddd49c2499a8b37fffe746d1b8b99537c0ada0a",
        "size_in_bytes": 42248
      },
      {
        "_path": "lib/python3.6/site-packages/setuptools/__pycache__/extension.cpython-36.pyc",
        "path_type": "hardlink",
        "sha256": "f509826d74c907a303b3472ef5281d74596eef31c37e49f93141597978f43199",
        "sha256_in_prefix": "f509826d74c907a303b3472ef5281d74596eef31c37e49f93141597978f43199",
        "size_in_bytes": 1926
      },
      {
        "_path": "lib/python3.6/site-packages/setuptools/__pycache__/glibc.cpython-36.pyc",
        "path_type": "hardlink",
        "sha256": "7328668c42245838e3f70eb4f1b73a093305bfef5aa9ac9112cfe53a772008d1",
        "sha256_in_prefix": "7328668c42245838e3f70eb4f1b73a093305bfef5aa9ac9112cfe53a772008d1",
        "size_in_bytes": 1496
      },
      {
        "_path": "lib/python3.6/site-packages/setuptools/__pycache__/glob.cpython-36.pyc",
        "path_type": "hardlink",
        "sha256": "e7315b57cd5c9d44289e1fa47446ad19b909c237d2c99bbf74ca88d7db4dcd7a",
        "sha256_in_prefix": "e7315b57cd5c9d44289e1fa47446ad19b909c237d2c99bbf74ca88d7db4dcd7a",
        "size_in_bytes": 3703
      },
      {
        "_path": "lib/python3.6/site-packages/setuptools/__pycache__/launch.cpython-36.pyc",
        "path_type": "hardlink",
        "sha256": "c315c8f257e5f402e4378a3b668ff9179ea439e5a6444d57ddc29f8477644c25",
        "sha256_in_prefix": "c315c8f257e5f402e4378a3b668ff9179ea439e5a6444d57ddc29f8477644c25",
        "size_in_bytes": 805
      },
      {
        "_path": "lib/python3.6/site-packages/setuptools/__pycache__/lib2to3_ex.cpython-36.pyc",
        "path_type": "hardlink",
        "sha256": "cb96301cd25bca85da101e750c38ddf47eced38832d07a8de948a16cfb4bb92e",
        "sha256_in_prefix": "cb96301cd25bca85da101e750c38ddf47eced38832d07a8de948a16cfb4bb92e",
        "size_in_bytes": 2384
      },
      {
        "_path": "lib/python3.6/site-packages/setuptools/__pycache__/monkey.cpython-36.pyc",
        "path_type": "hardlink",
        "sha256": "586b75c3fe152ddd143d1aad2a60a1d4a04a5bd43100590136785cc7f31cc228",
        "sha256_in_prefix": "586b75c3fe152ddd143d1aad2a60a1d4a04a5bd43100590136785cc7f31cc228",
        "size_in_bytes": 4652
      },
      {
        "_path": "lib/python3.6/site-packages/setuptools/__pycache__/msvc.cpython-36.pyc",
        "path_type": "hardlink",
        "sha256": "17516d065a56732b2a234552642801f9f58906fdac96b8cc15f60b25b208d621",
        "sha256_in_prefix": "17516d065a56732b2a234552642801f9f58906fdac96b8cc15f60b25b208d621",
        "size_in_bytes": 34479
      },
      {
        "_path": "lib/python3.6/site-packages/setuptools/__pycache__/namespaces.cpython-36.pyc",
        "path_type": "hardlink",
        "sha256": "0071ce024d0d594378212c5fb2791a201b16e917588630c269dddc410586af23",
        "sha256_in_prefix": "0071ce024d0d594378212c5fb2791a201b16e917588630c269dddc410586af23",
        "size_in_bytes": 3629
      },
      {
        "_path": "lib/python3.6/site-packages/setuptools/__pycache__/package_index.cpython-36.pyc",
        "path_type": "hardlink",
        "sha256": "fc7a3660d5947db23aa2d8a3eb2195ecb1f355c186d64a22d66b75d3c25caefd",
        "sha256_in_prefix": "fc7a3660d5947db23aa2d8a3eb2195ecb1f355c186d64a22d66b75d3c25caefd",
        "size_in_bytes": 32959
      },
      {
        "_path": "lib/python3.6/site-packages/setuptools/__pycache__/pep425tags.cpython-36.pyc",
        "path_type": "hardlink",
        "sha256": "87c33686ed20263fd3fa388d073dc087c340f01f0b1fac1e9e68dc7e32b56891",
        "sha256_in_prefix": "87c33686ed20263fd3fa388d073dc087c340f01f0b1fac1e9e68dc7e32b56891",
        "size_in_bytes": 7294
      },
      {
        "_path": "lib/python3.6/site-packages/setuptools/__pycache__/py27compat.cpython-36.pyc",
        "path_type": "hardlink",
        "sha256": "2a0dc75871f51f45e4692ddd75c9d4e9b080c875fcf3c4a5e7938a6815a9f254",
        "sha256_in_prefix": "2a0dc75871f51f45e4692ddd75c9d4e9b080c875fcf3c4a5e7938a6815a9f254",
        "size_in_bytes": 762
      },
      {
        "_path": "lib/python3.6/site-packages/setuptools/__pycache__/py31compat.cpython-36.pyc",
        "path_type": "hardlink",
        "sha256": "3a6434e0c200fc8ef80eac40f250c1ee8818b0a26d5612caff111c713ee5118f",
        "sha256_in_prefix": "3a6434e0c200fc8ef80eac40f250c1ee8818b0a26d5612caff111c713ee5118f",
        "size_in_bytes": 1160
      },
      {
        "_path": "lib/python3.6/site-packages/setuptools/__pycache__/py33compat.cpython-36.pyc",
        "path_type": "hardlink",
        "sha256": "ba90f94394a10ec681b80005c9dbf7c30985c70b966d7fca4e5a0442f6bfb9f5",
        "sha256_in_prefix": "ba90f94394a10ec681b80005c9dbf7c30985c70b966d7fca4e5a0442f6bfb9f5",
        "size_in_bytes": 1387
      },
      {
        "_path": "lib/python3.6/site-packages/setuptools/__pycache__/sandbox.cpython-36.pyc",
        "path_type": "hardlink",
        "sha256": "0588fb878415cf1348acff969bad4e3ff8e6567e3883b280f9bddc99c8d46520",
        "sha256_in_prefix": "0588fb878415cf1348acff969bad4e3ff8e6567e3883b280f9bddc99c8d46520",
        "size_in_bytes": 15674
      },
      {
        "_path": "lib/python3.6/site-packages/setuptools/__pycache__/site-patch.cpython-36.pyc",
        "path_type": "hardlink",
        "sha256": "2b32a3ae135a4111ae9d275b28e209b0a6cc622a097275c243e8537c3f726c9a",
        "sha256_in_prefix": "2b32a3ae135a4111ae9d275b28e209b0a6cc622a097275c243e8537c3f726c9a",
        "size_in_bytes": 1457
      },
      {
        "_path": "lib/python3.6/site-packages/setuptools/__pycache__/ssl_support.cpython-36.pyc",
        "path_type": "hardlink",
        "sha256": "904b32da15f25a454cdb5fd3d608417a49561ad7fc01e244acaf3395e12be40a",
        "sha256_in_prefix": "904b32da15f25a454cdb5fd3d608417a49561ad7fc01e244acaf3395e12be40a",
        "size_in_bytes": 6738
      },
      {
        "_path": "lib/python3.6/site-packages/setuptools/__pycache__/unicode_utils.cpython-36.pyc",
        "path_type": "hardlink",
        "sha256": "f254a9cf1d26d03eed678242ee396ac6612851e12ca76a489b3df5dd860e5331",
        "sha256_in_prefix": "f254a9cf1d26d03eed678242ee396ac6612851e12ca76a489b3df5dd860e5331",
        "size_in_bytes": 1120
      },
      {
        "_path": "lib/python3.6/site-packages/setuptools/__pycache__/version.cpython-36.pyc",
        "path_type": "hardlink",
        "sha256": "cf40ca0998fcb07a62d7266ecb052b647e2234a9f2c533c8e011de9ba326138d",
        "sha256_in_prefix": "cf40ca0998fcb07a62d7266ecb052b647e2234a9f2c533c8e011de9ba326138d",
        "size_in_bytes": 279
      },
      {
        "_path": "lib/python3.6/site-packages/setuptools/__pycache__/wheel.cpython-36.pyc",
        "path_type": "hardlink",
        "sha256": "35a965c56aea1123fb2cc5a9d3d9327a1414c3b47dd53a0ecd898afdc5357d16",
        "sha256_in_prefix": "35a965c56aea1123fb2cc5a9d3d9327a1414c3b47dd53a0ecd898afdc5357d16",
        "size_in_bytes": 6956
      },
      {
        "_path": "lib/python3.6/site-packages/setuptools/__pycache__/windows_support.cpython-36.pyc",
        "path_type": "hardlink",
        "sha256": "fa2b07955b7ce2d0909f216eaa8ff730fd8223c6cd09415ad63b3773e987bc22",
        "sha256_in_prefix": "fa2b07955b7ce2d0909f216eaa8ff730fd8223c6cd09415ad63b3773e987bc22",
        "size_in_bytes": 962
      },
      {
        "_path": "lib/python3.6/site-packages/setuptools/_deprecation_warning.py",
        "path_type": "hardlink",
        "sha256": "8d4f7e76d7efe9c2a6b5024e5cdf273f59a6ee038dc3990a12d88fb5bc276722",
        "sha256_in_prefix": "8d4f7e76d7efe9c2a6b5024e5cdf273f59a6ee038dc3990a12d88fb5bc276722",
        "size_in_bytes": 218
      },
      {
        "_path": "lib/python3.6/site-packages/setuptools/_vendor/__init__.py",
        "path_type": "hardlink",
        "sha256": "e3b0c44298fc1c149afbf4c8996fb92427ae41e4649b934ca495991b7852b855",
        "sha256_in_prefix": "e3b0c44298fc1c149afbf4c8996fb92427ae41e4649b934ca495991b7852b855",
        "size_in_bytes": 0
      },
      {
        "_path": "lib/python3.6/site-packages/setuptools/_vendor/__pycache__/__init__.cpython-36.pyc",
        "path_type": "hardlink",
        "sha256": "b27f661fde1b7bf8c6d5957f7e5fa63c776f19dca3322e49c4c75cf21dab0745",
        "sha256_in_prefix": "b27f661fde1b7bf8c6d5957f7e5fa63c776f19dca3322e49c4c75cf21dab0745",
        "size_in_bytes": 141
      },
      {
        "_path": "lib/python3.6/site-packages/setuptools/_vendor/__pycache__/pyparsing.cpython-36.pyc",
        "path_type": "hardlink",
        "sha256": "3fe2fa61d9fbf4687c6ea9ef237058c857c44b30aca1441150971fbaff9bddbe",
        "sha256_in_prefix": "3fe2fa61d9fbf4687c6ea9ef237058c857c44b30aca1441150971fbaff9bddbe",
        "size_in_bytes": 203150
      },
      {
        "_path": "lib/python3.6/site-packages/setuptools/_vendor/__pycache__/six.cpython-36.pyc",
        "path_type": "hardlink",
        "sha256": "b4b2e49b1d78ab88f6ee7a51226e47f8d23e0aab656c4c6fb43467d07f6af2d7",
        "sha256_in_prefix": "b4b2e49b1d78ab88f6ee7a51226e47f8d23e0aab656c4c6fb43467d07f6af2d7",
        "size_in_bytes": 24438
      },
      {
        "_path": "lib/python3.6/site-packages/setuptools/_vendor/packaging/__about__.py",
        "path_type": "hardlink",
        "sha256": "ce47023d337fe9370b5b436b960d35efaf91d5043f5953d39bcb33d51e3e1e33",
        "sha256_in_prefix": "ce47023d337fe9370b5b436b960d35efaf91d5043f5953d39bcb33d51e3e1e33",
        "size_in_bytes": 720
      },
      {
        "_path": "lib/python3.6/site-packages/setuptools/_vendor/packaging/__init__.py",
        "path_type": "hardlink",
        "sha256": "fef35a7394ebcf0b2bcdb38521b17ee5c1ea73f63668f4f60fbceb211d3a04ea",
        "sha256_in_prefix": "fef35a7394ebcf0b2bcdb38521b17ee5c1ea73f63668f4f60fbceb211d3a04ea",
        "size_in_bytes": 513
      },
      {
        "_path": "lib/python3.6/site-packages/setuptools/_vendor/packaging/__pycache__/__about__.cpython-36.pyc",
        "path_type": "hardlink",
        "sha256": "7c14bd22ffa37acd3f082b0a8decb1aa80d0580ba525b7f0a2ca79d511726002",
        "sha256_in_prefix": "7c14bd22ffa37acd3f082b0a8decb1aa80d0580ba525b7f0a2ca79d511726002",
        "size_in_bytes": 677
      },
      {
        "_path": "lib/python3.6/site-packages/setuptools/_vendor/packaging/__pycache__/__init__.cpython-36.pyc",
        "path_type": "hardlink",
        "sha256": "b5c2ddceee919662f903dba1a0eaf6f1cfb1f862c38bf078857a73a8fc89b61e",
        "sha256_in_prefix": "b5c2ddceee919662f903dba1a0eaf6f1cfb1f862c38bf078857a73a8fc89b61e",
        "size_in_bytes": 515
      },
      {
        "_path": "lib/python3.6/site-packages/setuptools/_vendor/packaging/__pycache__/_compat.cpython-36.pyc",
        "path_type": "hardlink",
        "sha256": "07986e173e2482587012df8b97c9971617c0c58cbaff243f022f505d3e183fc5",
        "sha256_in_prefix": "07986e173e2482587012df8b97c9971617c0c58cbaff243f022f505d3e183fc5",
        "size_in_bytes": 962
      },
      {
        "_path": "lib/python3.6/site-packages/setuptools/_vendor/packaging/__pycache__/_structures.cpython-36.pyc",
        "path_type": "hardlink",
        "sha256": "a664df38c27ff8bab8fa151769f248bccc2ba02773a13714fc1432b8fb12e140",
        "sha256_in_prefix": "a664df38c27ff8bab8fa151769f248bccc2ba02773a13714fc1432b8fb12e140",
        "size_in_bytes": 2819
      },
      {
        "_path": "lib/python3.6/site-packages/setuptools/_vendor/packaging/__pycache__/markers.cpython-36.pyc",
        "path_type": "hardlink",
        "sha256": "5df8c8a50d5ae45775f6785e9856e3cacba2c60b3997838b00bc149bcd1f8b71",
        "sha256_in_prefix": "5df8c8a50d5ae45775f6785e9856e3cacba2c60b3997838b00bc149bcd1f8b71",
        "size_in_bytes": 8839
      },
      {
        "_path": "lib/python3.6/site-packages/setuptools/_vendor/packaging/__pycache__/requirements.cpython-36.pyc",
        "path_type": "hardlink",
        "sha256": "11a71257e4da5b1e93df90a8e446d15697730b11a0c38a08df4a1fc91e3076a9",
        "sha256_in_prefix": "11a71257e4da5b1e93df90a8e446d15697730b11a0c38a08df4a1fc91e3076a9",
        "size_in_bytes": 3832
      },
      {
        "_path": "lib/python3.6/site-packages/setuptools/_vendor/packaging/__pycache__/specifiers.cpython-36.pyc",
        "path_type": "hardlink",
        "sha256": "65cef5e780bf9d278f8891a49ec7f79df78f5714dcab2d854ad10246c99de51c",
        "sha256_in_prefix": "65cef5e780bf9d278f8891a49ec7f79df78f5714dcab2d854ad10246c99de51c",
        "size_in_bytes": 19781
      },
      {
        "_path": "lib/python3.6/site-packages/setuptools/_vendor/packaging/__pycache__/utils.cpython-36.pyc",
        "path_type": "hardlink",
        "sha256": "2d526cf3e721c1ea129a9245fe4714fe1e429880b10e428e1b565a29e195cda1",
        "sha256_in_prefix": "2d526cf3e721c1ea129a9245fe4714fe1e429880b10e428e1b565a29e195cda1",
        "size_in_bytes": 446
      },
      {
        "_path": "lib/python3.6/site-packages/setuptools/_vendor/packaging/__pycache__/version.cpython-36.pyc",
        "path_type": "hardlink",
        "sha256": "1f576fdbe80cef07e1b91721bfe1b65fd379c42fe3b75641763d0ba38fd3f7e5",
        "sha256_in_prefix": "1f576fdbe80cef07e1b91721bfe1b65fd379c42fe3b75641763d0ba38fd3f7e5",
        "size_in_bytes": 10556
      },
      {
        "_path": "lib/python3.6/site-packages/setuptools/_vendor/packaging/_compat.py",
        "path_type": "hardlink",
        "sha256": "562fc0d2b0107876d4f9af57d2db75c909bd46a92041b0d2c73470f16954f640",
        "sha256_in_prefix": "562fc0d2b0107876d4f9af57d2db75c909bd46a92041b0d2c73470f16954f640",
        "size_in_bytes": 860
      },
      {
        "_path": "lib/python3.6/site-packages/setuptools/_vendor/packaging/_structures.py",
        "path_type": "hardlink",
        "sha256": "448984089e1cff04e5693618c1960b1c489e6c331a00998ad683c0461c354f9a",
        "sha256_in_prefix": "448984089e1cff04e5693618c1960b1c489e6c331a00998ad683c0461c354f9a",
        "size_in_bytes": 1416
      },
      {
        "_path": "lib/python3.6/site-packages/setuptools/_vendor/packaging/markers.py",
        "path_type": "hardlink",
        "sha256": "1afa64f44636d3229a31388a81067cc85104a6876a560558b5f7a4a2273562db",
        "sha256_in_prefix": "1afa64f44636d3229a31388a81067cc85104a6876a560558b5f7a4a2273562db",
        "size_in_bytes": 8239
      },
      {
        "_path": "lib/python3.6/site-packages/setuptools/_vendor/packaging/requirements.py",
        "path_type": "hardlink",
        "sha256": "b78e0cd87556b6bf29848cf63a19c82f3b864f7ad30136a8bdcb55d5da675488",
        "sha256_in_prefix": "b78e0cd87556b6bf29848cf63a19c82f3b864f7ad30136a8bdcb55d5da675488",
        "size_in_bytes": 4343
      },
      {
        "_path": "lib/python3.6/site-packages/setuptools/_vendor/packaging/specifiers.py",
        "path_type": "hardlink",
        "sha256": "4803117abcceddf2b622415909a664bb065a2ff106a8734ecf8a678b8be19cdd",
        "sha256_in_prefix": "4803117abcceddf2b622415909a664bb065a2ff106a8734ecf8a678b8be19cdd",
        "size_in_bytes": 28025
      },
      {
        "_path": "lib/python3.6/site-packages/setuptools/_vendor/packaging/utils.py",
        "path_type": "hardlink",
        "sha256": "de6e96bcf9ba34dc44f2b9131a69f4afbe41fc66521a0ee291a7f11ec04dd560",
        "sha256_in_prefix": "de6e96bcf9ba34dc44f2b9131a69f4afbe41fc66521a0ee291a7f11ec04dd560",
        "size_in_bytes": 421
      },
      {
        "_path": "lib/python3.6/site-packages/setuptools/_vendor/packaging/version.py",
        "path_type": "hardlink",
        "sha256": "3b01a7c587ebda084dcd8c79f6a588064acadd29c1ea7f997ddd5768ba679ccd",
        "sha256_in_prefix": "3b01a7c587ebda084dcd8c79f6a588064acadd29c1ea7f997ddd5768ba679ccd",
        "size_in_bytes": 11556
      },
      {
        "_path": "lib/python3.6/site-packages/setuptools/_vendor/pyparsing.py",
        "path_type": "hardlink",
        "sha256": "b66ae9fa5bbea8ed62ef967320de40d769ca4510f50a6e15a64fb92d1f6b8a6b",
        "sha256_in_prefix": "b66ae9fa5bbea8ed62ef967320de40d769ca4510f50a6e15a64fb92d1f6b8a6b",
        "size_in_bytes": 232055
      },
      {
        "_path": "lib/python3.6/site-packages/setuptools/_vendor/six.py",
        "path_type": "hardlink",
        "sha256": "03a85d259563237b7f81e79b67d07352fc11ac85e8d257f0cd094cd8b70ac9ab",
        "sha256_in_prefix": "03a85d259563237b7f81e79b67d07352fc11ac85e8d257f0cd094cd8b70ac9ab",
        "size_in_bytes": 30098
      },
      {
        "_path": "lib/python3.6/site-packages/setuptools/archive_util.py",
        "path_type": "hardlink",
        "sha256": "930f086ff94a8c27273ca35b4bb87c1f3b5154ad1de5169c537aff2917559e63",
        "sha256_in_prefix": "930f086ff94a8c27273ca35b4bb87c1f3b5154ad1de5169c537aff2917559e63",
        "size_in_bytes": 6592
      },
      {
        "_path": "lib/python3.6/site-packages/setuptools/build_meta.py",
        "path_type": "hardlink",
        "sha256": "fbd3668fd61d6d6e335f74ecb0f25986c10dad36b87f0de4f3a266d5c74a3229",
        "sha256_in_prefix": "fbd3668fd61d6d6e335f74ecb0f25986c10dad36b87f0de4f3a266d5c74a3229",
        "size_in_bytes": 9597
      },
      {
        "_path": "lib/python3.6/site-packages/setuptools/cli-32.exe",
        "path_type": "hardlink",
        "sha256": "75f12ea2f30d9c0d872dade345f30f562e6d93847b6a509ba53beec6d0b2c346",
        "sha256_in_prefix": "75f12ea2f30d9c0d872dade345f30f562e6d93847b6a509ba53beec6d0b2c346",
        "size_in_bytes": 65536
      },
      {
        "_path": "lib/python3.6/site-packages/setuptools/cli-64.exe",
        "path_type": "hardlink",
        "sha256": "28b001bb9a72ae7a24242bfab248d767a1ac5dec981c672a3944f7a072375e9a",
        "sha256_in_prefix": "28b001bb9a72ae7a24242bfab248d767a1ac5dec981c672a3944f7a072375e9a",
        "size_in_bytes": 74752
      },
      {
        "_path": "lib/python3.6/site-packages/setuptools/cli.exe",
        "path_type": "hardlink",
        "sha256": "75f12ea2f30d9c0d872dade345f30f562e6d93847b6a509ba53beec6d0b2c346",
        "sha256_in_prefix": "75f12ea2f30d9c0d872dade345f30f562e6d93847b6a509ba53beec6d0b2c346",
        "size_in_bytes": 65536
      },
      {
        "_path": "lib/python3.6/site-packages/setuptools/command/__init__.py",
        "path_type": "hardlink",
        "sha256": "356cc9d00d4111e9e066955ea94c962cd9b66e4e0fdc5e222f941412b1f2ee40",
        "sha256_in_prefix": "356cc9d00d4111e9e066955ea94c962cd9b66e4e0fdc5e222f941412b1f2ee40",
        "size_in_bytes": 594
      },
      {
        "_path": "lib/python3.6/site-packages/setuptools/command/__pycache__/__init__.cpython-36.pyc",
        "path_type": "hardlink",
        "sha256": "b757e9865a253f380e205825ec2a7b05cc4321f5c981ee42689b27d7cf7d08cf",
        "sha256_in_prefix": "b757e9865a253f380e205825ec2a7b05cc4321f5c981ee42689b27d7cf7d08cf",
        "size_in_bytes": 692
      },
      {
        "_path": "lib/python3.6/site-packages/setuptools/command/__pycache__/alias.cpython-36.pyc",
        "path_type": "hardlink",
        "sha256": "5c143ab34cbee8dbd93eb96d1e4c940d981e1d7ea8b5e0f3e11088b5180747c2",
        "sha256_in_prefix": "5c143ab34cbee8dbd93eb96d1e4c940d981e1d7ea8b5e0f3e11088b5180747c2",
        "size_in_bytes": 2385
      },
      {
        "_path": "lib/python3.6/site-packages/setuptools/command/__pycache__/bdist_egg.cpython-36.pyc",
        "path_type": "hardlink",
        "sha256": "ef9536ef9800ecd243ddbbd9046d82e153dfc2e8b0841c660c5e118fc746afcf",
        "sha256_in_prefix": "ef9536ef9800ecd243ddbbd9046d82e153dfc2e8b0841c660c5e118fc746afcf",
        "size_in_bytes": 14360
      },
      {
        "_path": "lib/python3.6/site-packages/setuptools/command/__pycache__/bdist_rpm.cpython-36.pyc",
        "path_type": "hardlink",
        "sha256": "37c20aaf369cf186a30ceddb2907aa0c6c006de2716b9c38267033bd410d1944",
        "sha256_in_prefix": "37c20aaf369cf186a30ceddb2907aa0c6c006de2716b9c38267033bd410d1944",
        "size_in_bytes": 1728
      },
      {
        "_path": "lib/python3.6/site-packages/setuptools/command/__pycache__/bdist_wininst.cpython-36.pyc",
        "path_type": "hardlink",
        "sha256": "e4e72bc1a25b66eab9b98b392e4e0db0386051af71adad9ca45b2f5ad2b2be5f",
        "sha256_in_prefix": "e4e72bc1a25b66eab9b98b392e4e0db0386051af71adad9ca45b2f5ad2b2be5f",
        "size_in_bytes": 929
      },
      {
        "_path": "lib/python3.6/site-packages/setuptools/command/__pycache__/build_clib.cpython-36.pyc",
        "path_type": "hardlink",
        "sha256": "6a2c5115708ee432548da9fe39d81986d180d7eb834f1482d27d18426d9e0bea",
        "sha256_in_prefix": "6a2c5115708ee432548da9fe39d81986d180d7eb834f1482d27d18426d9e0bea",
        "size_in_bytes": 2400
      },
      {
        "_path": "lib/python3.6/site-packages/setuptools/command/__pycache__/build_ext.cpython-36.pyc",
        "path_type": "hardlink",
        "sha256": "683a0ee8ae57b6c7cced426565b6d06be41cd7f65573440062aa6f35bbe58354",
        "sha256_in_prefix": "683a0ee8ae57b6c7cced426565b6d06be41cd7f65573440062aa6f35bbe58354",
        "size_in_bytes": 9722
      },
      {
        "_path": "lib/python3.6/site-packages/setuptools/command/__pycache__/build_py.cpython-36.pyc",
        "path_type": "hardlink",
        "sha256": "e912784fbc5ddec109667a6f3d579e043dbfc98dc2229505cc6459847a6328b9",
        "sha256_in_prefix": "e912784fbc5ddec109667a6f3d579e043dbfc98dc2229505cc6459847a6328b9",
        "size_in_bytes": 8524
      },
      {
        "_path": "lib/python3.6/site-packages/setuptools/command/__pycache__/develop.cpython-36.pyc",
        "path_type": "hardlink",
        "sha256": "92ae91d9ef0a8c9d377ff2be0857b02b4a3788e5cade383b642363a3f0454e4f",
        "sha256_in_prefix": "92ae91d9ef0a8c9d377ff2be0857b02b4a3788e5cade383b642363a3f0454e4f",
        "size_in_bytes": 6435
      },
      {
        "_path": "lib/python3.6/site-packages/setuptools/command/__pycache__/dist_info.cpython-36.pyc",
        "path_type": "hardlink",
        "sha256": "5b7eea92976681efd25a5764123a8c96f3ccde05680fdff3a766fda2a54c43c3",
        "sha256_in_prefix": "5b7eea92976681efd25a5764123a8c96f3ccde05680fdff3a766fda2a54c43c3",
        "size_in_bytes": 1345
      },
      {
        "_path": "lib/python3.6/site-packages/setuptools/command/__pycache__/easy_install.cpython-36.pyc",
        "path_type": "hardlink",
        "sha256": "684efeea512e92daa172048012e077384c3976564c7e75e602a751405e1b2c2f",
        "sha256_in_prefix": "684efeea512e92daa172048012e077384c3976564c7e75e602a751405e1b2c2f",
        "size_in_bytes": 65174
      },
      {
        "_path": "lib/python3.6/site-packages/setuptools/command/__pycache__/egg_info.cpython-36.pyc",
        "path_type": "hardlink",
        "sha256": "1e9e17aeef45c1ffed05051349cf9ca606d2c848d64267003d869a6c73566fc4",
        "sha256_in_prefix": "1e9e17aeef45c1ffed05051349cf9ca606d2c848d64267003d869a6c73566fc4",
        "size_in_bytes": 21545
      },
      {
        "_path": "lib/python3.6/site-packages/setuptools/command/__pycache__/install.cpython-36.pyc",
        "path_type": "hardlink",
        "sha256": "6108ac0dd61449b9cafb909e5ef02e867e8e7b5e382f34c496acf08e8970d323",
        "sha256_in_prefix": "6108ac0dd61449b9cafb909e5ef02e867e8e7b5e382f34c496acf08e8970d323",
        "size_in_bytes": 3925
      },
      {
        "_path": "lib/python3.6/site-packages/setuptools/command/__pycache__/install_egg_info.cpython-36.pyc",
        "path_type": "hardlink",
        "sha256": "01517b92f314f1ec635406412d3bcb70ee4d105f7d153bd97749eae88793b0d5",
        "sha256_in_prefix": "01517b92f314f1ec635406412d3bcb70ee4d105f7d153bd97749eae88793b0d5",
        "size_in_bytes": 2390
      },
      {
        "_path": "lib/python3.6/site-packages/setuptools/command/__pycache__/install_lib.cpython-36.pyc",
        "path_type": "hardlink",
        "sha256": "6b71b6afd39a9d5aa539e8792e0f36560589919a52709d8c74a3b12587f22c0a",
        "sha256_in_prefix": "6b71b6afd39a9d5aa539e8792e0f36560589919a52709d8c74a3b12587f22c0a",
        "size_in_bytes": 4053
      },
      {
        "_path": "lib/python3.6/site-packages/setuptools/command/__pycache__/install_scripts.cpython-36.pyc",
        "path_type": "hardlink",
        "sha256": "8f9e64b08af3bfdb0da6cda57d985b5504f0f8025574d3074c96acb616f3b0ad",
        "sha256_in_prefix": "8f9e64b08af3bfdb0da6cda57d985b5504f0f8025574d3074c96acb616f3b0ad",
        "size_in_bytes": 2230
      },
      {
        "_path": "lib/python3.6/site-packages/setuptools/command/__pycache__/py36compat.cpython-36.pyc",
        "path_type": "hardlink",
        "sha256": "fd2c0327891d1527d2f880d926834e0aed0f684cdeca2b872a338fd520110f75",
        "sha256_in_prefix": "fd2c0327891d1527d2f880d926834e0aed0f684cdeca2b872a338fd520110f75",
        "size_in_bytes": 4575
      },
      {
        "_path": "lib/python3.6/site-packages/setuptools/command/__pycache__/register.cpython-36.pyc",
        "path_type": "hardlink",
        "sha256": "54afef855e37e6f57d318b443ac19e7d3faab4578a348ad1ee6c0960fc150b18",
        "sha256_in_prefix": "54afef855e37e6f57d318b443ac19e7d3faab4578a348ad1ee6c0960fc150b18",
        "size_in_bytes": 726
      },
      {
        "_path": "lib/python3.6/site-packages/setuptools/command/__pycache__/rotate.cpython-36.pyc",
        "path_type": "hardlink",
        "sha256": "91b85c40919fc7fb8ed170505b2d73cfb36a238e4bd45b58986f45341e5a9538",
        "sha256_in_prefix": "91b85c40919fc7fb8ed170505b2d73cfb36a238e4bd45b58986f45341e5a9538",
        "size_in_bytes": 2531
      },
      {
        "_path": "lib/python3.6/site-packages/setuptools/command/__pycache__/saveopts.cpython-36.pyc",
        "path_type": "hardlink",
        "sha256": "864a0b048cda7b018fbe90c032a6bfe574086810999b082ff73524400caafee2",
        "sha256_in_prefix": "864a0b048cda7b018fbe90c032a6bfe574086810999b082ff73524400caafee2",
        "size_in_bytes": 876
      },
      {
        "_path": "lib/python3.6/site-packages/setuptools/command/__pycache__/sdist.cpython-36.pyc",
        "path_type": "hardlink",
        "sha256": "2fd6dc2c29bc8fd421b4549445236da81ade498d3c7cb364563465ed40d2e0f3",
        "sha256_in_prefix": "2fd6dc2c29bc8fd421b4549445236da81ade498d3c7cb364563465ed40d2e0f3",
        "size_in_bytes": 6902
      },
      {
        "_path": "lib/python3.6/site-packages/setuptools/command/__pycache__/setopt.cpython-36.pyc",
        "path_type": "hardlink",
        "sha256": "7265de4095a5c45e4f06d3d92add48004c53af11684d856545aece0d6cfa1af2",
        "sha256_in_prefix": "7265de4095a5c45e4f06d3d92add48004c53af11684d856545aece0d6cfa1af2",
        "size_in_bytes": 4554
      },
      {
        "_path": "lib/python3.6/site-packages/setuptools/command/__pycache__/test.cpython-36.pyc",
        "path_type": "hardlink",
        "sha256": "0af16bbc032faba3b96efc528f7dbf302cec5a94a643756fd7203f626f2b5c7e",
        "sha256_in_prefix": "0af16bbc032faba3b96efc528f7dbf302cec5a94a643756fd7203f626f2b5c7e",
        "size_in_bytes": 8191
      },
      {
        "_path": "lib/python3.6/site-packages/setuptools/command/__pycache__/upload.cpython-36.pyc",
        "path_type": "hardlink",
        "sha256": "9c072d3ba6430a645f10ad46b05fd34dbdb40c08873424b63b5fe51dffd3dd57",
        "sha256_in_prefix": "9c072d3ba6430a645f10ad46b05fd34dbdb40c08873424b63b5fe51dffd3dd57",
        "size_in_bytes": 5089
      },
      {
        "_path": "lib/python3.6/site-packages/setuptools/command/__pycache__/upload_docs.cpython-36.pyc",
        "path_type": "hardlink",
        "sha256": "7dbddec5f457cb3459495b8ecfe48fa15bd750830b71d2ada0707f087dbcd238",
        "sha256_in_prefix": "7dbddec5f457cb3459495b8ecfe48fa15bd750830b71d2ada0707f087dbcd238",
        "size_in_bytes": 6052
      },
      {
        "_path": "lib/python3.6/site-packages/setuptools/command/alias.py",
        "path_type": "hardlink",
        "sha256": "2a3a44d2ccff483207bf77e965c2102beb02909cfe4ab0ba1a6ba0e9bf4d91cf",
        "sha256_in_prefix": "2a3a44d2ccff483207bf77e965c2102beb02909cfe4ab0ba1a6ba0e9bf4d91cf",
        "size_in_bytes": 2426
      },
      {
        "_path": "lib/python3.6/site-packages/setuptools/command/bdist_egg.py",
        "path_type": "hardlink",
        "sha256": "6def88069af5ce14bd8ba1a328034983391b1f70a122675663b4be8f4af604af",
        "sha256_in_prefix": "6def88069af5ce14bd8ba1a328034983391b1f70a122675663b4be8f4af604af",
        "size_in_bytes": 18167
      },
      {
        "_path": "lib/python3.6/site-packages/setuptools/command/bdist_rpm.py",
        "path_type": "hardlink",
        "sha256": "07b9744e7cc219bfb49cb966eab4b4d2358b9288c04b05667615b6c39433fc09",
        "sha256_in_prefix": "07b9744e7cc219bfb49cb966eab4b4d2358b9288c04b05667615b6c39433fc09",
        "size_in_bytes": 1508
      },
      {
        "_path": "lib/python3.6/site-packages/setuptools/command/bdist_wininst.py",
        "path_type": "hardlink",
        "sha256": "ffa773de5a41d6d636d342f128f2cceea8304c271e38c81a58517e8d6dbea66d",
        "sha256_in_prefix": "ffa773de5a41d6d636d342f128f2cceea8304c271e38c81a58517e8d6dbea66d",
        "size_in_bytes": 637
      },
      {
        "_path": "lib/python3.6/site-packages/setuptools/command/build_clib.py",
        "path_type": "hardlink",
        "sha256": "6d0f5a06bfb96523bef5f1ac1ac0cbcf49a79c5b5e1d46677ed54b921bc70ead",
        "sha256_in_prefix": "6d0f5a06bfb96523bef5f1ac1ac0cbcf49a79c5b5e1d46677ed54b921bc70ead",
        "size_in_bytes": 4484
      },
      {
        "_path": "lib/python3.6/site-packages/setuptools/command/build_ext.py",
        "path_type": "hardlink",
        "sha256": "21be366141a4b01b309b698be719903c5e8d79303a1dcaabbc0b448050afdf60",
        "sha256_in_prefix": "21be366141a4b01b309b698be719903c5e8d79303a1dcaabbc0b448050afdf60",
        "size_in_bytes": 13019
      },
      {
        "_path": "lib/python3.6/site-packages/setuptools/command/build_py.py",
        "path_type": "hardlink",
        "sha256": "c96c9869a4bd177a3d25b21cce7d3ae00e60d42e7f5222910f119a4ea61bb4b1",
        "sha256_in_prefix": "c96c9869a4bd177a3d25b21cce7d3ae00e60d42e7f5222910f119a4ea61bb4b1",
        "size_in_bytes": 9596
      },
      {
        "_path": "lib/python3.6/site-packages/setuptools/command/develop.py",
        "path_type": "hardlink",
        "sha256": "310967192eae3f5f5eacad8908d3b2418a18caaba4dcf003aeaaeb8a7aaa2ed0",
        "sha256_in_prefix": "310967192eae3f5f5eacad8908d3b2418a18caaba4dcf003aeaaeb8a7aaa2ed0",
        "size_in_bytes": 8184
      },
      {
        "_path": "lib/python3.6/site-packages/setuptools/command/dist_info.py",
        "path_type": "hardlink",
        "sha256": "e6dea439fadd8002d3f8fde882cb3a3c5f64f8b7b27acb9ec9cba4ddd5326672",
        "sha256_in_prefix": "e6dea439fadd8002d3f8fde882cb3a3c5f64f8b7b27acb9ec9cba4ddd5326672",
        "size_in_bytes": 960
      },
      {
        "_path": "lib/python3.6/site-packages/setuptools/command/easy_install.py",
        "path_type": "hardlink",
        "sha256": "b5e970c3b0ae3eca13b6f96963e92d9d9193f39719eb11821996b4bc7bc527e4",
        "sha256_in_prefix": "b5e970c3b0ae3eca13b6f96963e92d9d9193f39719eb11821996b4bc7bc527e4",
        "size_in_bytes": 87273
      },
      {
        "_path": "lib/python3.6/site-packages/setuptools/command/egg_info.py",
        "path_type": "hardlink",
        "sha256": "c3bdc47716123a4da0b1a0221c62f6759ac295da0f8ae46bd9e4dfa9c16f09db",
        "sha256_in_prefix": "c3bdc47716123a4da0b1a0221c62f6759ac295da0f8ae46bd9e4dfa9c16f09db",
        "size_in_bytes": 25570
      },
      {
        "_path": "lib/python3.6/site-packages/setuptools/command/install.py",
        "path_type": "hardlink",
        "sha256": "6b4119a4bfc0f3ae8a11d86271319bbb20ff4d8975b3291fcddaeb8becdacd3e",
        "sha256_in_prefix": "6b4119a4bfc0f3ae8a11d86271319bbb20ff4d8975b3291fcddaeb8becdacd3e",
        "size_in_bytes": 4683
      },
      {
        "_path": "lib/python3.6/site-packages/setuptools/command/install_egg_info.py",
        "path_type": "hardlink",
        "sha256": "6cc81e21e4625f34380c018f575df6f24723c108c78ce594e059e00162d5efc4",
        "sha256_in_prefix": "6cc81e21e4625f34380c018f575df6f24723c108c78ce594e059e00162d5efc4",
        "size_in_bytes": 2203
      },
      {
        "_path": "lib/python3.6/site-packages/setuptools/command/install_lib.py",
        "path_type": "hardlink",
        "sha256": "af936e6ac692c6f988ae3819363dfc22afb55091b5a359acec2b87aba3024db4",
        "sha256_in_prefix": "af936e6ac692c6f988ae3819363dfc22afb55091b5a359acec2b87aba3024db4",
        "size_in_bytes": 3862
      },
      {
        "_path": "lib/python3.6/site-packages/setuptools/command/install_scripts.py",
        "path_type": "hardlink",
        "sha256": "503d2b119ebceb599362121dcdcb2a2a7525f0fa33a1c5d697d5414355535a77",
        "sha256_in_prefix": "503d2b119ebceb599362121dcdcb2a2a7525f0fa33a1c5d697d5414355535a77",
        "size_in_bytes": 2439
      },
      {
        "_path": "lib/python3.6/site-packages/setuptools/command/launcher manifest.xml",
        "path_type": "hardlink",
        "sha256": "c652db8d6ac1d35b4a0b4fa195590e2a48923dbccc9a5d9e38fb49fee7029db1",
        "sha256_in_prefix": "c652db8d6ac1d35b4a0b4fa195590e2a48923dbccc9a5d9e38fb49fee7029db1",
        "size_in_bytes": 628
      },
      {
        "_path": "lib/python3.6/site-packages/setuptools/command/py36compat.py",
        "path_type": "hardlink",
        "sha256": "4b38d970ec45ef3745513e3b66fda7ec03371fc9280f2b3fd0ea52fa7f6021f7",
        "sha256_in_prefix": "4b38d970ec45ef3745513e3b66fda7ec03371fc9280f2b3fd0ea52fa7f6021f7",
        "size_in_bytes": 4986
      },
      {
        "_path": "lib/python3.6/site-packages/setuptools/command/register.py",
        "path_type": "hardlink",
        "sha256": "2cedccbd828f13c74dd66f8a92b0511c2ebc645a0fbc0fef23c5e0a7bbefeb32",
        "sha256_in_prefix": "2cedccbd828f13c74dd66f8a92b0511c2ebc645a0fbc0fef23c5e0a7bbefeb32",
        "size_in_bytes": 534
      },
      {
        "_path": "lib/python3.6/site-packages/setuptools/command/rotate.py",
        "path_type": "hardlink",
        "sha256": "728e42d44908ecfd06193e93ab3f93d92223d8b0494d95d810ba666a8e9de0a4",
        "sha256_in_prefix": "728e42d44908ecfd06193e93ab3f93d92223d8b0494d95d810ba666a8e9de0a4",
        "size_in_bytes": 2164
      },
      {
        "_path": "lib/python3.6/site-packages/setuptools/command/saveopts.py",
        "path_type": "hardlink",
        "sha256": "cdaed00817108a628aae259ca0271b8713e3533df481207be33b932f8ef1a4fe",
        "sha256_in_prefix": "cdaed00817108a628aae259ca0271b8713e3533df481207be33b932f8ef1a4fe",
        "size_in_bytes": 658
      },
      {
        "_path": "lib/python3.6/site-packages/setuptools/command/sdist.py",
        "path_type": "hardlink",
        "sha256": "82be6116b0f352d19fa7fd2dbb4b25973232af78cc41e8089059a50dab90271c",
        "sha256_in_prefix": "82be6116b0f352d19fa7fd2dbb4b25973232af78cc41e8089059a50dab90271c",
        "size_in_bytes": 7388
      },
      {
        "_path": "lib/python3.6/site-packages/setuptools/command/setopt.py",
        "path_type": "hardlink",
        "sha256": "353583cb1fa08c317eb717f874ee7beececb3b31d5a0a47432adf7ac5c5a46bf",
        "sha256_in_prefix": "353583cb1fa08c317eb717f874ee7beececb3b31d5a0a47432adf7ac5c5a46bf",
        "size_in_bytes": 5085
      },
      {
        "_path": "lib/python3.6/site-packages/setuptools/command/test.py",
        "path_type": "hardlink",
        "sha256": "a1e3c9e3dbb5ec434ab6b33eaceaeb2e5461b4d9ebcdc4abd085be804f5756ad",
        "sha256_in_prefix": "a1e3c9e3dbb5ec434ab6b33eaceaeb2e5461b4d9ebcdc4abd085be804f5756ad",
        "size_in_bytes": 9285
      },
      {
        "_path": "lib/python3.6/site-packages/setuptools/command/upload.py",
        "path_type": "hardlink",
        "sha256": "1b1b4d90897b480d2bf2600291b0dc4823759b6fd63e9a4af606572664128a8c",
        "sha256_in_prefix": "1b1b4d90897b480d2bf2600291b0dc4823759b6fd63e9a4af606572664128a8c",
        "size_in_bytes": 6811
      },
      {
        "_path": "lib/python3.6/site-packages/setuptools/command/upload_docs.py",
        "path_type": "hardlink",
        "sha256": "a17886a6533f71428bc04e02596c3df11cc2b9f02ef2d061302f7b19e805726b",
        "sha256_in_prefix": "a17886a6533f71428bc04e02596c3df11cc2b9f02ef2d061302f7b19e805726b",
        "size_in_bytes": 7311
      },
      {
        "_path": "lib/python3.6/site-packages/setuptools/config.py",
        "path_type": "hardlink",
        "sha256": "973d7d97502da0772da69d7fb5b619bf5efa9eb123e06a5fef290d2184c89004",
        "sha256_in_prefix": "973d7d97502da0772da69d7fb5b619bf5efa9eb123e06a5fef290d2184c89004",
        "size_in_bytes": 20425
      },
      {
        "_path": "lib/python3.6/site-packages/setuptools/dep_util.py",
        "path_type": "hardlink",
        "sha256": "7e08b1bc2d51eec1f7af5de4b727fb3741402e8a845cbd5c05aae6369484a168",
        "sha256_in_prefix": "7e08b1bc2d51eec1f7af5de4b727fb3741402e8a845cbd5c05aae6369484a168",
        "size_in_bytes": 935
      },
      {
        "_path": "lib/python3.6/site-packages/setuptools/depends.py",
        "path_type": "hardlink",
        "sha256": "842f1020370cdd50e9457bd1540e8e7cbf406907f1be1c4770dff0eac03236af",
        "sha256_in_prefix": "842f1020370cdd50e9457bd1540e8e7cbf406907f1be1c4770dff0eac03236af",
        "size_in_bytes": 5837
      },
      {
        "_path": "lib/python3.6/site-packages/setuptools/dist.py",
        "path_type": "hardlink",
        "sha256": "311ac1ae0045130cd4beb26b2205bbf487a90ee01e4717ad1ae48f932f8c6b04",
        "sha256_in_prefix": "311ac1ae0045130cd4beb26b2205bbf487a90ee01e4717ad1ae48f932f8c6b04",
        "size_in_bytes": 50248
      },
      {
        "_path": "lib/python3.6/site-packages/setuptools/extension.py",
        "path_type": "hardlink",
        "sha256": "b9cea71c8f8cc7098d08d3db522067c9b4b2aa1a49aa36e1bce43e7a676fb7f1",
        "sha256_in_prefix": "b9cea71c8f8cc7098d08d3db522067c9b4b2aa1a49aa36e1bce43e7a676fb7f1",
        "size_in_bytes": 1729
      },
      {
        "_path": "lib/python3.6/site-packages/setuptools/extern/__init__.py",
        "path_type": "hardlink",
        "sha256": "4f178d2853127c1333069043887c7c0e1dd1cec7559af59a5e1b59d370d932cd",
        "sha256_in_prefix": "4f178d2853127c1333069043887c7c0e1dd1cec7559af59a5e1b59d370d932cd",
        "size_in_bytes": 2499
      },
      {
        "_path": "lib/python3.6/site-packages/setuptools/extern/__pycache__/__init__.cpython-36.pyc",
        "path_type": "hardlink",
        "sha256": "d9e12eabff0093ebcc02d61f268ffb8fd66ad70121ea07dd0a2b38a1f4260443",
        "sha256_in_prefix": "d9e12eabff0093ebcc02d61f268ffb8fd66ad70121ea07dd0a2b38a1f4260443",
        "size_in_bytes": 2375
      },
      {
        "_path": "lib/python3.6/site-packages/setuptools/glibc.py",
        "path_type": "hardlink",
        "sha256": "5fae15bc63cbd806d444ac1846c5893975c60183a217fbf6aa2c5e4e40142ee5",
        "sha256_in_prefix": "5fae15bc63cbd806d444ac1846c5893975c60183a217fbf6aa2c5e4e40142ee5",
        "size_in_bytes": 3146
      },
      {
        "_path": "lib/python3.6/site-packages/setuptools/glob.py",
        "path_type": "hardlink",
        "sha256": "a3be5c1eb3b162cbe7f39e2d852c44d31f64f09aca0ee84ffeb457955074d10e",
        "sha256_in_prefix": "a3be5c1eb3b162cbe7f39e2d852c44d31f64f09aca0ee84ffeb457955074d10e",
        "size_in_bytes": 5084
      },
      {
        "_path": "lib/python3.6/site-packages/setuptools/gui-32.exe",
        "path_type": "hardlink",
        "sha256": "5c1af46c7300e87a73dacf6cf41ce397e3f05df6bd9c7e227b4ac59f85769160",
        "sha256_in_prefix": "5c1af46c7300e87a73dacf6cf41ce397e3f05df6bd9c7e227b4ac59f85769160",
        "size_in_bytes": 65536
      },
      {
        "_path": "lib/python3.6/site-packages/setuptools/gui-64.exe",
        "path_type": "hardlink",
        "sha256": "69828c857d4824b9f850b1e0597d2c134c91114b7a0774c41dffe33b0eb23721",
        "sha256_in_prefix": "69828c857d4824b9f850b1e0597d2c134c91114b7a0774c41dffe33b0eb23721",
        "size_in_bytes": 75264
      },
      {
        "_path": "lib/python3.6/site-packages/setuptools/gui.exe",
        "path_type": "hardlink",
        "sha256": "5c1af46c7300e87a73dacf6cf41ce397e3f05df6bd9c7e227b4ac59f85769160",
        "sha256_in_prefix": "5c1af46c7300e87a73dacf6cf41ce397e3f05df6bd9c7e227b4ac59f85769160",
        "size_in_bytes": 65536
      },
      {
        "_path": "lib/python3.6/site-packages/setuptools/launch.py",
        "path_type": "hardlink",
        "sha256": "b1dede8f0841a1c083c7fc06f6b22cd0e699f07b6698553c642e8847f4b42ef8",
        "sha256_in_prefix": "b1dede8f0841a1c083c7fc06f6b22cd0e699f07b6698553c642e8847f4b42ef8",
        "size_in_bytes": 787
      },
      {
        "_path": "lib/python3.6/site-packages/setuptools/lib2to3_ex.py",
        "path_type": "hardlink",
        "sha256": "b797b5da16d1da98bd5787b35834c1e0933e0084949c63a499c9d81de937c638",
        "sha256_in_prefix": "b797b5da16d1da98bd5787b35834c1e0933e0084949c63a499c9d81de937c638",
        "size_in_bytes": 2013
      },
      {
        "_path": "lib/python3.6/site-packages/setuptools/monkey.py",
        "path_type": "hardlink",
        "sha256": "14673d7df7e1ee003130b16626cd835bf3985a906391d6cd4b69f5e1400ae0d0",
        "sha256_in_prefix": "14673d7df7e1ee003130b16626cd835bf3985a906391d6cd4b69f5e1400ae0d0",
        "size_in_bytes": 5264
      },
      {
        "_path": "lib/python3.6/site-packages/setuptools/msvc.py",
        "path_type": "hardlink",
        "sha256": "bae445699ce326de45bf7666c8a514b8bb63c75dbff06f5120b8a019e7388ab2",
        "sha256_in_prefix": "bae445699ce326de45bf7666c8a514b8bb63c75dbff06f5120b8a019e7388ab2",
        "size_in_bytes": 40838
      },
      {
        "_path": "lib/python3.6/site-packages/setuptools/namespaces.py",
        "path_type": "hardlink",
        "sha256": "17436b6eff0a093d8eaceeebc1ad37a26e0de0664a0259dc7beaebf9c80341af",
        "sha256_in_prefix": "17436b6eff0a093d8eaceeebc1ad37a26e0de0664a0259dc7beaebf9c80341af",
        "size_in_bytes": 3199
      },
      {
        "_path": "lib/python3.6/site-packages/setuptools/package_index.py",
        "path_type": "hardlink",
        "sha256": "09621be976e743e9b714f6c4c9b685f5e3c455d0ddd01756d46986fb3e7f54b8",
        "sha256_in_prefix": "09621be976e743e9b714f6c4c9b685f5e3c455d0ddd01756d46986fb3e7f54b8",
        "size_in_bytes": 40807
      },
      {
        "_path": "lib/python3.6/site-packages/setuptools/pep425tags.py",
        "path_type": "hardlink",
        "sha256": "a3f0ff595796717662236c633d283ba68b863af696460191c440caf43cc05c80",
        "sha256_in_prefix": "a3f0ff595796717662236c633d283ba68b863af696460191c440caf43cc05c80",
        "size_in_bytes": 10861
      },
      {
        "_path": "lib/python3.6/site-packages/setuptools/py27compat.py",
        "path_type": "hardlink",
        "sha256": "de6c3144c0e4e50e4ed6b49738445b4035e116ac032618548ad7cc5bfaa9502a",
        "sha256_in_prefix": "de6c3144c0e4e50e4ed6b49738445b4035e116ac032618548ad7cc5bfaa9502a",
        "size_in_bytes": 536
      },
      {
        "_path": "lib/python3.6/site-packages/setuptools/py31compat.py",
        "path_type": "hardlink",
        "sha256": "876aed66084e7f0a0661df2c434f9ab9a2a21774dc2f7a97d1b5f755eb2ca9c1",
        "sha256_in_prefix": "876aed66084e7f0a0661df2c434f9ab9a2a21774dc2f7a97d1b5f755eb2ca9c1",
        "size_in_bytes": 838
      },
      {
        "_path": "lib/python3.6/site-packages/setuptools/py33compat.py",
        "path_type": "hardlink",
        "sha256": "48c17d67cc271a27133a4535b9137067f933e59fdb8f6f4f5016ea76a79e36c7",
        "sha256_in_prefix": "48c17d67cc271a27133a4535b9137067f933e59fdb8f6f4f5016ea76a79e36c7",
        "size_in_bytes": 1330
      },
      {
        "_path": "lib/python3.6/site-packages/setuptools/sandbox.py",
        "path_type": "hardlink",
        "sha256": "f546f07c42f9418e37ea8308d4bb455a8861a19f94cf01ef1b2663507fea864c",
        "sha256_in_prefix": "f546f07c42f9418e37ea8308d4bb455a8861a19f94cf01ef1b2663507fea864c",
        "size_in_bytes": 14276
      },
      {
        "_path": "lib/python3.6/site-packages/setuptools/script (dev).tmpl",
        "path_type": "hardlink",
        "sha256": "454cd0cc2414697b7074bb581d661b21098e6844b906baaad45bd403fb6efb92",
        "sha256_in_prefix": "454cd0cc2414697b7074bb581d661b21098e6844b906baaad45bd403fb6efb92",
        "size_in_bytes": 218
      },
      {
        "_path": "lib/python3.6/site-packages/setuptools/script.tmpl",
        "path_type": "hardlink",
        "sha256": "5864ede6989eccedbb73e0dbc7a9794384f715fdb4039cfbf3bda1bf76808586",
        "sha256_in_prefix": "5864ede6989eccedbb73e0dbc7a9794384f715fdb4039cfbf3bda1bf76808586",
        "size_in_bytes": 138
      },
      {
        "_path": "lib/python3.6/site-packages/setuptools/site-patch.py",
        "path_type": "hardlink",
        "sha256": "3ae9a420732ea127a74525b5dfcda4296235540c31344f3a1395bc883777e056",
        "sha256_in_prefix": "3ae9a420732ea127a74525b5dfcda4296235540c31344f3a1395bc883777e056",
        "size_in_bytes": 2302
      },
      {
        "_path": "lib/python3.6/site-packages/setuptools/ssl_support.py",
        "path_type": "hardlink",
        "sha256": "9cb8cf501070ed14d3c7a3b8449679780306823246f1b7a20db9055c36692ee3",
        "sha256_in_prefix": "9cb8cf501070ed14d3c7a3b8449679780306823246f1b7a20db9055c36692ee3",
        "size_in_bytes": 8493
      },
      {
        "_path": "lib/python3.6/site-packages/setuptools/unicode_utils.py",
        "path_type": "hardlink",
        "sha256": "34e899ff9843ef603ac3ee30563f1ac0714cde7e752a6c3521cfefc75e5716ac",
        "sha256_in_prefix": "34e899ff9843ef603ac3ee30563f1ac0714cde7e752a6c3521cfefc75e5716ac",
        "size_in_bytes": 996
      },
      {
        "_path": "lib/python3.6/site-packages/setuptools/version.py",
        "path_type": "hardlink",
        "sha256": "a20fdcb9941bd1023aba429915f6563e5af51e02413cf9f6bceda6fdb23d6531",
        "sha256_in_prefix": "a20fdcb9941bd1023aba429915f6563e5af51e02413cf9f6bceda6fdb23d6531",
        "size_in_bytes": 144
      },
      {
        "_path": "lib/python3.6/site-packages/setuptools/wheel.py",
        "path_type": "hardlink",
        "sha256": "f78baa5ec39a2adf7577d856e73e99a69666352b3f9ceeba478ba2c2172be15d",
        "sha256_in_prefix": "f78baa5ec39a2adf7577d856e73e99a69666352b3f9ceeba478ba2c2172be15d",
        "size_in_bytes": 8094
      },
      {
        "_path": "lib/python3.6/site-packages/setuptools/windows_support.py",
        "path_type": "hardlink",
        "sha256": "e46adfa923f6f9d2c6268653ab683a7422a4c90c716b69f92108979490a86041",
        "sha256_in_prefix": "e46adfa923f6f9d2c6268653ab683a7422a4c90c716b69f92108979490a86041",
        "size_in_bytes": 714
      }
    ],
    "paths_version": 1
  },
  "platform": "darwin",
  "requested_spec": "None",
  "size": 660508,
  "subdir": "osx-64",
  "timestamp": 1569259088059,
  "track_features": "",
  "url": "https://repo.anaconda.com/pkgs/main/osx-64/setuptools-41.2.0-py36_0.tar.bz2",
  "version": "41.2.0"
}