{
  "arch": "x86_64",
  "build": "py36_0",
  "build_number": 0,
  "channel": "https://repo.anaconda.com/pkgs/main/osx-64",
  "constrains": [],
  "depends": [
    "python >=3.6,<3.7.0a0",
    "setuptools"
  ],
  "extracted_package_dir": "/anaconda3/pkgs/wheel-0.33.6-py36_0",
  "features": "",
  "files": [
    "bin/wheel",
    "lib/python3.6/site-packages/wheel-0.33.6-py3.6.egg-info/PKG-INFO",
    "lib/python3.6/site-packages/wheel-0.33.6-py3.6.egg-info/SOURCES.txt",
    "lib/python3.6/site-packages/wheel-0.33.6-py3.6.egg-info/dependency_links.txt",
    "lib/python3.6/site-packages/wheel-0.33.6-py3.6.egg-info/entry_points.txt",
    "lib/python3.6/site-packages/wheel-0.33.6-py3.6.egg-info/not-zip-safe",
    "lib/python3.6/site-packages/wheel-0.33.6-py3.6.egg-info/requires.txt",
    "lib/python3.6/site-packages/wheel-0.33.6-py3.6.egg-info/top_level.txt",
    "lib/python3.6/site-packages/wheel/__init__.py",
    "lib/python3.6/site-packages/wheel/__main__.py",
    "lib/python3.6/site-packages/wheel/__pycache__/__init__.cpython-36.pyc",
    "lib/python3.6/site-packages/wheel/__pycache__/__main__.cpython-36.pyc",
    "lib/python3.6/site-packages/wheel/__pycache__/bdist_wheel.cpython-36.pyc",
    "lib/python3.6/site-packages/wheel/__pycache__/metadata.cpython-36.pyc",
    "lib/python3.6/site-packages/wheel/__pycache__/pep425tags.cpython-36.pyc",
    "lib/python3.6/site-packages/wheel/__pycache__/pkginfo.cpython-36.pyc",
    "lib/python3.6/site-packages/wheel/__pycache__/util.cpython-36.pyc",
    "lib/python3.6/site-packages/wheel/__pycache__/wheelfile.cpython-36.pyc",
    "lib/python3.6/site-packages/wheel/bdist_wheel.py",
    "lib/python3.6/site-packages/wheel/cli/__init__.py",
    "lib/python3.6/site-packages/wheel/cli/__pycache__/__init__.cpython-36.pyc",
    "lib/python3.6/site-packages/wheel/cli/__pycache__/convert.cpython-36.pyc",
    "lib/python3.6/site-packages/wheel/cli/__pycache__/pack.cpython-36.pyc",
    "lib/python3.6/site-packages/wheel/cli/__pycache__/unpack.cpython-36.pyc",
    "lib/python3.6/site-packages/wheel/cli/convert.py",
    "lib/python3.6/site-packages/wheel/cli/pack.py",
    "lib/python3.6/site-packages/wheel/cli/unpack.py",
    "lib/python3.6/site-packages/wheel/metadata.py",
    "lib/python3.6/site-packages/wheel/pep425tags.py",
    "lib/python3.6/site-packages/wheel/pkginfo.py",
    "lib/python3.6/site-packages/wheel/util.py",
    "lib/python3.6/site-packages/wheel/wheelfile.py"
  ],
  "fn": "wheel-0.33.6-py36_0.tar.bz2",
  "license": "MIT",
  "link": {
    "source": "/anaconda3/pkgs/wheel-0.33.6-py36_0",
    "type": 1
  },
  "md5": "28954c9a3c70bc9fefe78ce9eb152a26",
  "name": "wheel",
  "package_tarball_full_path": "/anaconda3/pkgs/wheel-0.33.6-py36_0.tar.bz2",
  "paths_data": {
    "paths": [
      {
        "_path": "bin/wheel",
        "file_mode": "text",
        "path_type": "hardlink",
        "prefix_placeholder": "/opt/anaconda1anaconda2anaconda3",
        "sha256": "a610b64038079c99d807d0accc36e2207fe932b8e1a89dddb752e787d556b2c6",
        "sha256_in_prefix": "bb51f48788c1bd3ab752fc9d305f37442b88a4db9c92272361d5a2a5fbd3f125",
        "size_in_bytes": 239
      },
      {
        "_path": "lib/python3.6/site-packages/wheel-0.33.6-py3.6.egg-info/PKG-INFO",
        "path_type": "hardlink",
        "sha256": "294d12e2b2827823c2618e919919efbafd9c188b0be2bf72ae198c595f717d5d",
        "sha256_in_prefix": "294d12e2b2827823c2618e919919efbafd9c188b0be2bf72ae198c595f717d5d",
        "size_in_bytes": 2257
      },
      {
        "_path": "lib/python3.6/site-packages/wheel-0.33.6-py3.6.egg-info/SOURCES.txt",
        "path_type": "hardlink",
        "sha256": "1efa3eadfa576ceaff063b8c9c4f5f98cb8b233fa7233dde8d7e2b264d96f2e8",
        "sha256_in_prefix": "1efa3eadfa576ceaff063b8c9c4f5f98cb8b233fa7233dde8d7e2b264d96f2e8",
        "size_in_bytes": 1615
      },
      {
        "_path": "lib/python3.6/site-packages/wheel-0.33.6-py3.6.egg-info/dependency_links.txt",
        "path_type": "hardlink",
        "sha256": "01ba4719c80b6fe911b091a7c05124b64eeece964e09c058ef8f9805daca546b",
        "sha256_in_prefix": "01ba4719c80b6fe911b091a7c05124b64eeece964e09c058ef8f9805daca546b",
        "size_in_bytes": 1
      },
      {
        "_path": "lib/python3.6/site-packages/wheel-0.33.6-py3.6.egg-info/entry_points.txt",
        "path_type": "hardlink",
        "sha256": "37c1db605493df2acd418781db05d60443d4845b04b4a3513da0851893f2ab27",
        "sha256_in_prefix": "37c1db605493df2acd418781db05d60443d4845b04b4a3513da0851893f2ab27",
        "size_in_bytes": 108
      },
      {
        "_path": "lib/python3.6/site-packages/wheel-0.33.6-py3.6.egg-info/not-zip-safe",
        "path_type": "hardlink",
        "sha256": "01ba4719c80b6fe911b091a7c05124b64eeece964e09c058ef8f9805daca546b",
        "sha256_in_prefix": "01ba4719c80b6fe911b091a7c05124b64eeece964e09c058ef8f9805daca546b",
        "size_in_bytes": 1
      },
      {
        "_path": "lib/python3.6/site-packages/wheel-0.33.6-py3.6.egg-info/requires.txt",
        "path_type": "hardlink",
        "sha256": "ed39738d628f8c7ad4a82ba62ae1b32f2fb9ec2bf5b3b7121eaea76a31fcceeb",
        "sha256_in_prefix": "ed39738d628f8c7ad4a82ba62ae1b32f2fb9ec2bf5b3b7121eaea76a31fcceeb",
        "size_in_bytes": 33
      },
      {
        "_path": "lib/python3.6/site-packages/wheel-0.33.6-py3.6.egg-info/top_level.txt",
        "path_type": "hardlink",
        "sha256": "1f148121b804b2d30f7b87856b0840eba32af90607328a5756802771f8dbff57",
        "sha256_in_prefix": "1f148121b804b2d30f7b87856b0840eba32af90607328a5756802771f8dbff57",
        "size_in_bytes": 6
      },
      {
        "_path": "lib/python3.6/site-packages/wheel/__init__.py",
        "path_type": "hardlink",
        "sha256": "45610a93da8c385a65e00965c7b7f80c566e4c5a6d828a9d84ca53beda4e8152",
        "sha256_in_prefix": "45610a93da8c385a65e00965c7b7f80c566e4c5a6d828a9d84ca53beda4e8152",
        "size_in_bytes": 96
      },
      {
        "_path": "lib/python3.6/site-packages/wheel/__main__.py",
        "path_type": "hardlink",
        "sha256": "945f982cee217509a85ae87879665df182f553de5149d9bbeac34b0576b4be31",
        "sha256_in_prefix": "945f982cee217509a85ae87879665df182f553de5149d9bbeac34b0576b4be31",
        "size_in_bytes": 417
      },
      {
        "_path": "lib/python3.6/site-packages/wheel/__pycache__/__init__.cpython-36.pyc",
        "path_type": "hardlink",
        "sha256": "fa9e2c9953c12959ca66c0d192898307b8a08c9deae92193b955a70d5b169c24",
        "sha256_in_prefix": "fa9e2c9953c12959ca66c0d192898307b8a08c9deae92193b955a70d5b169c24",
        "size_in_bytes": 150
      },
      {
        "_path": "lib/python3.6/site-packages/wheel/__pycache__/__main__.cpython-36.pyc",
        "path_type": "hardlink",
        "sha256": "c697b45f670196edd35d25301254c8bec9bbef9b50d2fe9ea020dcecb1b0bc88",
        "sha256_in_prefix": "c697b45f670196edd35d25301254c8bec9bbef9b50d2fe9ea020dcecb1b0bc88",
        "size_in_bytes": 543
      },
      {
        "_path": "lib/python3.6/site-packages/wheel/__pycache__/bdist_wheel.cpython-36.pyc",
        "path_type": "hardlink",
        "sha256": "5265d31dcd00724a6a403d44dcae490fc9635efdb5d632b79e41de2a3d02d5ec",
        "sha256_in_prefix": "5265d31dcd00724a6a403d44dcae490fc9635efdb5d632b79e41de2a3d02d5ec",
        "size_in_bytes": 10345
      },
      {
        "_path": "lib/python3.6/site-packages/wheel/__pycache__/metadata.cpython-36.pyc",
        "path_type": "hardlink",
        "sha256": "63ccf56d31a17278b6630ebf605d06c9a895b5f96fbbb529164865c410cd248f",
        "sha256_in_prefix": "63ccf56d31a17278b6630ebf605d06c9a895b5f96fbbb529164865c410cd248f",
        "size_in_bytes": 3726
      },
      {
        "_path": "lib/python3.6/site-packages/wheel/__pycache__/pep425tags.cpython-36.pyc",
        "path_type": "hardlink",
        "sha256": "dcd569ae559a3a301d0484ec01192e7995d6a5f295595f6104de95e8eabd7f7d",
        "sha256_in_prefix": "dcd569ae559a3a301d0484ec01192e7995d6a5f295595f6104de95e8eabd7f7d",
        "size_in_bytes": 5019
      },
      {
        "_path": "lib/python3.6/site-packages/wheel/__pycache__/pkginfo.cpython-36.pyc",
        "path_type": "hardlink",
        "sha256": "5e5a388078f6e618d9d20653cb9abaf6befeea54fe65a780449cceafdbba61a4",
        "sha256_in_prefix": "5e5a388078f6e618d9d20653cb9abaf6befeea54fe65a780449cceafdbba61a4",
        "size_in_bytes": 1521
      },
      {
        "_path": "lib/python3.6/site-packages/wheel/__pycache__/util.cpython-36.pyc",
        "path_type": "hardlink",
        "sha256": "379ccf8292f858b5e32957bd54fb57892250ab4406e326763fa0a730f9610e38",
        "sha256_in_prefix": "379ccf8292f858b5e32957bd54fb57892250ab4406e326763fa0a730f9610e38",
        "size_in_bytes": 1266
      },
      {
        "_path": "lib/python3.6/site-packages/wheel/__pycache__/wheelfile.cpython-36.pyc",
        "path_type": "hardlink",
        "sha256": "ba8334c013fb03519c7ec920301f7a25bcfd8c7033a3ded94135e70b8fd2aae5",
        "sha256_in_prefix": "ba8334c013fb03519c7ec920301f7a25bcfd8c7033a3ded94135e70b8fd2aae5",
        "size_in_bytes": 5457
      },
      {
        "_path": "lib/python3.6/site-packages/wheel/bdist_wheel.py",
        "path_type": "hardlink",
        "sha256": "53796300e1a073c50630aab139fe5810a1355be9edf7d5fa45e98c8bea68041f",
        "sha256_in_prefix": "53796300e1a073c50630aab139fe5810a1355be9edf7d5fa45e98c8bea68041f",
        "size_in_bytes": 14757
      },
      {
        "_path": "lib/python3.6/site-packages/wheel/cli/__init__.py",
        "path_type": "hardlink",
        "sha256": "1964a8194a5169b4dff1b93716c3533eb73916cafc60ebf6757e79898d96ede6",
        "sha256_in_prefix": "1964a8194a5169b4dff1b93716c3533eb73916cafc60ebf6757e79898d96ede6",
        "size_in_bytes": 2572
      },
      {
        "_path": "lib/python3.6/site-packages/wheel/cli/__pycache__/__init__.cpython-36.pyc",
        "path_type": "hardlink",
        "sha256": "5fecac1e7440320a7177c6a84fdc2377575b1e32bcb5fc8413065ad3a3d0d8d5",
        "sha256_in_prefix": "5fecac1e7440320a7177c6a84fdc2377575b1e32bcb5fc8413065ad3a3d0d8d5",
        "size_in_bytes": 2992
      },
      {
        "_path": "lib/python3.6/site-packages/wheel/cli/__pycache__/convert.cpython-36.pyc",
        "path_type": "hardlink",
        "sha256": "2bf9be81c9f09aae67e4e3bf683eb5863c337400f91738fd7bff7bda5fa2d1ec",
        "sha256_in_prefix": "2bf9be81c9f09aae67e4e3bf683eb5863c337400f91738fd7bff7bda5fa2d1ec",
        "size_in_bytes": 6167
      },
      {
        "_path": "lib/python3.6/site-packages/wheel/cli/__pycache__/pack.cpython-36.pyc",
        "path_type": "hardlink",
        "sha256": "da954732df26e5e630a704628169d7870784af60d5b0ba13ca6037661d1b9b02",
        "sha256_in_prefix": "da954732df26e5e630a704628169d7870784af60d5b0ba13ca6037661d1b9b02",
        "size_in_bytes": 2450
      },
      {
        "_path": "lib/python3.6/site-packages/wheel/cli/__pycache__/unpack.cpython-36.pyc",
        "path_type": "hardlink",
        "sha256": "ba627f262eea36cf69b73ddb01f28889ef76b42ff1046ba29cad83a5aa134238",
        "sha256_in_prefix": "ba627f262eea36cf69b73ddb01f28889ef76b42ff1046ba29cad83a5aa134238",
        "size_in_bytes": 895
      },
      {
        "_path": "lib/python3.6/site-packages/wheel/cli/convert.py",
        "path_type": "hardlink",
        "sha256": "ec5e2f8f6dc0d8e8210c35a7f605f657efd37973336b56b99c87a39851845093",
        "sha256_in_prefix": "ec5e2f8f6dc0d8e8210c35a7f605f657efd37973336b56b99c87a39851845093",
        "size_in_bytes": 9498
      },
      {
        "_path": "lib/python3.6/site-packages/wheel/cli/pack.py",
        "path_type": "hardlink",
        "sha256": "be4bd9738fab459c968b073ab078e9a888f3c0344c105e6edc950d53d358fe30",
        "sha256_in_prefix": "be4bd9738fab459c968b073ab078e9a888f3c0344c105e6edc950d53d358fe30",
        "size_in_bytes": 2263
      },
      {
        "_path": "lib/python3.6/site-packages/wheel/cli/unpack.py",
        "path_type": "hardlink",
        "sha256": "d155b34fb53fc727a74cfc0455abf1aaf75e7bddc63ef0051e747752ef756917",
        "sha256_in_prefix": "d155b34fb53fc727a74cfc0455abf1aaf75e7bddc63ef0051e747752ef756917",
        "size_in_bytes": 673
      },
      {
        "_path": "lib/python3.6/site-packages/wheel/metadata.py",
        "path_type": "hardlink",
        "sha256": "b81bf668ecf8536b04445f37e02f0378da36df976b72ca77ca94f34fb3135840",
        "sha256_in_prefix": "b81bf668ecf8536b04445f37e02f0378da36df976b72ca77ca94f34fb3135840",
        "size_in_bytes": 4699
      },
      {
        "_path": "lib/python3.6/site-packages/wheel/pep425tags.py",
        "path_type": "hardlink",
        "sha256": "009da6f20ccc9780f34a11637764eb1d953f0eac677604a3f14ddfcec92aef6d",
        "sha256_in_prefix": "009da6f20ccc9780f34a11637764eb1d953f0eac677604a3f14ddfcec92aef6d",
        "size_in_bytes": 6087
      },
      {
        "_path": "lib/python3.6/site-packages/wheel/pkginfo.py",
        "path_type": "hardlink",
        "sha256": "191efa92ea50ce7d71f6c283697b84e81e85b19e0e91f46d1bba677655cfbd0e",
        "sha256_in_prefix": "191efa92ea50ce7d71f6c283697b84e81e85b19e0e91f46d1bba677655cfbd0e",
        "size_in_bytes": 1257
      },
      {
        "_path": "lib/python3.6/site-packages/wheel/util.py",
        "path_type": "hardlink",
        "sha256": "cf054893ef6a59540b44c8248104cca784d11381d8d37fad094c4baed0a9b1f5",
        "sha256_in_prefix": "cf054893ef6a59540b44c8248104cca784d11381d8d37fad094c4baed0a9b1f5",
        "size_in_bytes": 924
      },
      {
        "_path": "lib/python3.6/site-packages/wheel/wheelfile.py",
        "path_type": "hardlink",
        "sha256": "32db7a99469e6bec0006ab4de525b7467e9b56fc3e6dd71229a4764a35992c6e",
        "sha256_in_prefix": "32db7a99469e6bec0006ab4de525b7467e9b56fc3e6dd71229a4764a35992c6e",
        "size_in_bytes": 7222
      }
    ],
    "paths_version": 1
  },
  "platform": "darwin",
  "requested_spec": "None",
  "size": 41355,
  "subdir": "osx-64",
  "timestamp": 1569263336206,
  "track_features": "",
  "url": "https://repo.anaconda.com/pkgs/main/osx-64/wheel-0.33.6-py36_0.tar.bz2",
  "version": "0.33.6"
}